type,index,image,x,y,w,h,1,2,3,4,5,6,
guildicon_s,1,guild_icon_24.png,0,0,24,24,0,0,0,0,,,
guildicon_s,2,guild_icon_24.png,24,0,24,24,0,0,0,0,,,
guildicon_s,3,guild_icon_24.png,48,0,24,24,0,0,0,0,,,
,,,,,,,,,,,,,
guildicon_s,4,guild_icon_24.png,72,0,24,24,0,0,0,0,,,
guildicon_s,5,guild_icon_24.png,96,0,24,24,0,0,0,0,,,
guildicon_s,6,guild_icon_24.png,120,0,24,24,0,0,0,0,,,
guildicon_s,7,guild_icon_24.png,144,0,24,24,0,0,0,0,,,
guildicon_s,8,guild_icon_24.png,168,0,24,24,0,0,0,0,,,
guildicon_s,9,guild_icon_24.png,192,0,24,24,0,0,0,0,,,
guildicon_s,10,guild_icon_24.png,216,0,24,24,0,0,0,0,,,
guildicon_s,11,guild_icon_24.png,240,0,24,24,0,0,0,0,,,
guildicon_s,12,guild_icon_24.png,264,0,24,24,0,0,0,0,,,
guildicon_s,13,guild_icon_24.png,288,0,24,24,0,0,0,0,,,
guildicon_s,14,guild_icon_24.png,312,0,24,24,0,0,0,0,,,
guildicon_s,15,guild_icon_24.png,336,0,24,24,0,0,0,0,,,
guildicon_s,16,guild_icon_24.png,360,0,24,24,0,0,0,0,,,
guildicon_s,17,guild_icon_24.png,384,0,24,24,0,0,0,0,,,
guildicon_s,18,guild_icon_24.png,408,0,24,24,0,0,0,0,,,
guildicon_s,19,guild_icon_24.png,432,0,24,24,0,0,0,0,,,
guildicon_s,20,guild_icon_24.png,456,0,24,24,0,0,0,0,,,
guildicon_s,21,guild_icon_24.png,480,0,24,24,0,0,0,0,,,
guildicon_s,22,guild_icon_24.png,0,24,24,24,0,0,0,0,,,
guildicon_s,23,guild_icon_24.png,24,24,24,24,0,0,0,0,,,
guildicon_s,24,guild_icon_24.png,48,24,24,24,0,0,0,0,,,
guildicon_s,25,guild_icon_24.png,72,24,24,24,0,0,0,0,,,
guildicon_s,26,guild_icon_24.png,96,24,24,24,0,0,0,0,,,
guildicon_s,27,guild_icon_24.png,120,24,24,24,0,0,0,0,,,
guildicon_s,28,guild_icon_24.png,144,24,24,24,0,0,0,0,,,
guildicon_s,29,guild_icon_24.png,168,24,24,24,0,0,0,0,,,
guildicon_s,30,guild_icon_24.png,192,24,24,24,0,0,0,0,,,
guildicon_s,31,guild_icon_24.png,216,24,24,24,0,0,0,0,,,
guildicon_s,32,guild_icon_24.png,240,24,24,24,0,0,0,0,,,
guildicon_s,33,guild_icon_24.png,264,24,24,24,0,0,0,0,,,
guildicon_s,34,guild_icon_24.png,288,24,24,24,0,0,0,0,,,
guildicon_s,35,guild_icon_24.png,312,24,24,24,0,0,0,0,,,
guildicon_s,36,guild_icon_24.png,336,24,24,24,0,0,0,0,,,
guildicon_s,37,guild_icon_24.png,360,24,24,24,0,0,0,0,,,
guildicon_s,38,guild_icon_24.png,384,24,24,24,0,0,0,0,,,
guildicon_s,39,guild_icon_24.png,408,24,24,24,0,0,0,0,,,
guildicon_s,40,guild_icon_24.png,432,24,24,24,0,0,0,0,,,
guildicon_s,41,guild_icon_24.png,456,24,24,24,0,0,0,0,,,
guildicon_s,42,guild_icon_24.png,480,24,24,24,0,0,0,0,,,
guildicon_s,43,guild_icon_24.png,0,48,24,24,0,0,0,0,,,
guildicon_s,44,guild_icon_24.png,24,48,24,24,0,0,0,0,,,
guildicon_s,45,guild_icon_24.png,48,48,24,24,0,0,0,0,,,
guildicon_s,46,guild_icon_24.png,72,48,24,24,0,0,0,0,,,
guildicon_s,47,guild_icon_24.png,96,48,24,24,0,0,0,0,,,
guildicon_s,48,guild_icon_24.png,120,48,24,24,0,0,0,0,,,
guildicon_s,49,guild_icon_24.png,144,48,24,24,0,0,0,0,,,
guildicon_s,50,guild_icon_24.png,168,48,24,24,0,0,0,0,,,
guildicon_s,51,guild_icon_24.png,192,48,24,24,0,0,0,0,,,
guildicon_s,52,guild_icon_24.png,216,48,24,24,0,0,0,0,,,
guildicon_s,53,guild_icon_24.png,240,48,24,24,0,0,0,0,,,
guildicon_s,54,guild_icon_24.png,264,48,24,24,0,0,0,0,,,
guildicon_s,55,guild_icon_24.png,288,48,24,24,0,0,0,0,,,
guildicon_s,56,guild_icon_24.png,312,48,24,24,0,0,0,0,,,
guildicon_s,57,guild_icon_24.png,336,48,24,24,0,0,0,0,,,
guildicon_s,58,guild_icon_24.png,360,48,24,24,0,0,0,0,,,
guildicon_s,59,guild_icon_24.png,384,48,24,24,0,0,0,0,,,
guildicon_s,60,guild_icon_24.png,408,48,24,24,0,0,0,0,,,
guildicon_s,61,guild_icon_24.png,432,48,24,24,0,0,0,0,,,
guildicon_s,62,guild_icon_24.png,456,48,24,24,0,0,0,0,,,
guildicon_s,63,guild_icon_24.png,480,48,24,24,0,0,0,0,,,
guildicon_s,64,guild_icon_24.png,0,72,24,24,0,0,0,0,,,
guildicon_s,65,guild_icon_24.png,24,72,24,24,0,0,0,0,,,
guildicon_s,66,guild_icon_24.png,48,72,24,24,0,0,0,0,,,
guildicon_s,67,guild_icon_24.png,72,72,24,24,0,0,0,0,,,
guildicon_s,68,guild_icon_24.png,96,72,24,24,0,0,0,0,,,
guildicon_s,69,guild_icon_24.png,120,72,24,24,0,0,0,0,,,
guildicon_s,70,guild_icon_24.png,144,72,24,24,0,0,0,0,,,
guildicon_s,71,guild_icon_24.png,168,72,24,24,0,0,0,0,,,
guildicon_s,72,guild_icon_24.png,192,72,24,24,0,0,0,0,,,
guildicon_s,73,guild_icon_24.png,216,72,24,24,0,0,0,0,,,
guildicon_s,74,guild_icon_24.png,240,72,24,24,0,0,0,0,,,
guildicon_s,75,guild_icon_24.png,264,72,24,24,0,0,0,0,,,
guildicon_s,76,guild_icon_24.png,288,72,24,24,0,0,0,0,,,
guildicon_s,77,guild_icon_24.png,312,72,24,24,0,0,0,0,,,
guildicon_s,78,guild_icon_24.png,336,72,24,24,0,0,0,0,,,
guildicon_s,79,guild_icon_24.png,360,72,24,24,0,0,0,0,,,
guildicon_s,80,guild_icon_24.png,384,72,24,24,0,0,0,0,,,
guildicon_s,81,guild_icon_24.png,408,72,24,24,0,0,0,0,,,
guildicon_s,82,guild_icon_24.png,432,72,24,24,0,0,0,0,,,
guildicon_s,83,guild_icon_24.png,456,72,24,24,0,0,0,0,,,
guildicon_s,84,guild_icon_24.png,480,72,24,24,0,0,0,0,,,
guildicon_s,85,guild_icon_24.png,0,96,24,24,0,0,0,0,,,
guildicon_s,86,guild_icon_24.png,24,96,24,24,0,0,0,0,,,
guildicon_s,87,guild_icon_24.png,48,96,24,24,0,0,0,0,,,
guildicon_s,88,guild_icon_24.png,72,96,24,24,0,0,0,0,,,
guildicon_s,89,guild_icon_24.png,96,96,24,24,0,0,0,0,,,
guildicon_s,90,guild_icon_24.png,120,96,24,24,0,0,0,0,,,
,,,,,,,,,,,,,
guildicon_s,91,guild_icon_24.png,144,96,24,24,0,0,0,0,,,
guildicon_s,92,guild_icon_24.png,168,96,24,24,0,0,0,0,,,
guildicon_s,93,guild_icon_24.png,192,96,24,24,0,0,0,0,,,
guildicon_s,94,guild_icon_24.png,216,96,24,24,0,0,0,0,,,
guildicon_s,95,guild_icon_24.png,240,96,24,24,0,0,0,0,,,
guildicon_s,96,guild_icon_24.png,264,96,24,24,0,0,0,0,,,
guildicon_s,97,guild_icon_24.png,288,96,24,24,0,0,0,0,,,
guildicon_s,98,guild_icon_24.png,312,96,24,24,0,0,0,0,,,
guildicon_s,99,guild_icon_24.png,336,96,24,24,0,0,0,0,,,
guildicon_s,100,guild_icon_24.png,360,96,24,24,0,0,0,0,,,
guildicon_s,101,guild_icon_24.png,384,96,24,24,0,0,0,0,,,
guildicon_s,102,guild_icon_24.png,408,96,24,24,0,0,0,0,,,
guildicon_s,103,guild_icon_24.png,432,96,24,24,0,0,0,0,,,
guildicon_s,104,guild_icon_24.png,456,96,24,24,0,0,0,0,,,
guildicon_s,105,guild_icon_24.png,480,96,24,24,0,0,0,0,,,
guildicon_s,106,guild_icon_24.png,0,120,24,24,0,0,0,0,,,
guildicon_s,107,guild_icon_24.png,24,120,24,24,0,0,0,0,,,
guildicon_s,108,guild_icon_24.png,48,120,24,24,0,0,0,0,,,
guildicon_s,109,guild_icon_24.png,72,120,24,24,0,0,0,0,,,
guildicon_s,110,guild_icon_24.png,96,120,24,24,0,0,0,0,,,
guildicon_s,111,guild_icon_24.png,120,120,24,24,0,0,0,0,,,
guildicon_s,112,guild_icon_24.png,144,120,24,24,0,0,0,0,,,
guildicon_s,113,guild_icon_24.png,168,120,24,24,0,0,0,0,,,
guildicon_s,114,guild_icon_24.png,192,120,24,24,0,0,0,0,,,
guildicon_s,115,guild_icon_24.png,216,120,24,24,0,0,0,0,,,
guildicon_s,116,guild_icon_24.png,240,120,24,24,0,0,0,0,,,
guildicon_s,117,guild_icon_24.png,264,120,24,24,0,0,0,0,,,
guildicon_s,118,guild_icon_24.png,288,120,24,24,0,0,0,0,,,
guildicon_s,119,guild_icon_24.png,312,120,24,24,0,0,0,0,,,
guildicon_s,120,guild_icon_24.png,336,120,24,24,0,0,0,0,,,
guildicon_s,121,guild_icon_24.png,360,120,24,24,0,0,0,0,,,
guildicon_s,122,guild_icon_24.png,384,120,24,24,0,0,0,0,,,
guildicon_s,123,guild_icon_24.png,408,120,24,24,0,0,0,0,,,
guildicon_s,124,guild_icon_24.png,432,120,24,24,0,0,0,0,,,
guildicon_s,125,guild_icon_24.png,456,120,24,24,0,0,0,0,,,
guildicon_s,126,guild_icon_24.png,480,120,24,24,0,0,0,0,,,
guildicon_s,127,guild_icon_24.png,0,144,24,24,0,0,0,0,,,
guildicon_s,128,guild_icon_24.png,24,144,24,24,0,0,0,0,,,
guildicon_s,129,guild_icon_24.png,48,144,24,24,0,0,0,0,,,
guildicon_s,130,guild_icon_24.png,72,144,24,24,0,0,0,0,,,
guildicon_s,131,guild_icon_24.png,96,144,24,24,0,0,0,0,,,
guildicon_s,132,guild_icon_24.png,120,144,24,24,0,0,0,0,,,
guildicon_s,133,guild_icon_24.png,144,144,24,24,0,0,0,0,,,
guildicon_s,134,guild_icon_24.png,168,144,24,24,0,0,0,0,,,
guildicon_s,135,guild_icon_24.png,192,144,24,24,0,0,0,0,,,
guildicon_s,136,guild_icon_24.png,216,144,24,24,0,0,0,0,,,
guildicon_s,137,guild_icon_24.png,240,144,24,24,0,0,0,0,,,
guildicon_s,138,guild_icon_24.png,264,144,24,24,0,0,0,0,,,
guildicon_s,139,guild_icon_24.png,288,144,24,24,0,0,0,0,,,
guildicon_s,140,guild_icon_24.png,312,144,24,24,0,0,0,0,,,
guildicon_s,141,guild_icon_24.png,336,144,24,24,0,0,0,0,,,
guildicon_s,142,guild_icon_24.png,360,144,24,24,0,0,0,0,,,
guildicon_s,143,guild_icon_24.png,384,144,24,24,0,0,0,0,,,
guildicon_s,144,guild_icon_24.png,408,144,24,24,0,0,0,0,,,
guildicon_s,145,guild_icon_24.png,432,144,24,24,0,0,0,0,,,
guildicon_s,146,guild_icon_24.png,456,144,24,24,0,0,0,0,,,
guildicon_s,147,guild_icon_24.png,480,144,24,24,0,0,0,0,,,
guildicon_s,148,guild_icon_24.png,0,168,24,24,0,0,0,0,,,
guildicon_s,149,guild_icon_24.png,24,168,24,24,0,0,0,0,,,
guildicon_s,150,guild_icon_24.png,48,168,24,24,0,0,0,0,,,
guildicon_s,151,guild_icon_24.png,72,168,24,24,0,0,0,0,,,
guildicon_s,152,guild_icon_24.png,96,168,24,24,0,0,0,0,,,
guildicon_s,153,guild_icon_24.png,120,168,24,24,0,0,0,0,,,
guildicon_s,154,guild_icon_24.png,144,168,24,24,0,0,0,0,,,
guildicon_s,155,guild_icon_24.png,168,168,24,24,0,0,0,0,,,
guildicon_s,156,guild_icon_24.png,192,168,24,24,0,0,0,0,,,
guildicon_s,157,guild_icon_24.png,216,168,24,24,0,0,0,0,,,
guildicon_s,158,guild_icon_24.png,240,168,24,24,0,0,0,0,,,
guildicon_s,159,guild_icon_24.png,264,168,24,24,0,0,0,0,,,
guildicon_s,160,guild_icon_24.png,288,168,24,24,0,0,0,0,,,
guildicon_s,161,guild_icon_24.png,312,168,24,24,0,0,0,0,,,
guildicon_s,162,guild_icon_24.png,336,168,24,24,0,0,0,0,,,
guildicon_s,163,guild_icon_24.png,360,168,24,24,0,0,0,0,,,
guildicon_s,164,guild_icon_24.png,384,168,24,24,0,0,0,0,,,
guildicon_s,165,guild_icon_24.png,408,168,24,24,0,0,0,0,,,
guildicon_s,166,guild_icon_24.png,432,168,24,24,0,0,0,0,,,
guildicon_s,167,guild_icon_24.png,456,168,24,24,0,0,0,0,,,
guildicon_s,168,guild_icon_24.png,480,168,24,24,0,0,0,0,,,
guildicon_s,169,guild_icon_24.png,0,192,24,24,0,0,0,0,,,
guildicon_s,170,guild_icon_24.png,24,192,24,24,0,0,0,0,,,
guildicon_s,171,guild_icon_24.png,48,192,24,24,0,0,0,0,,,
guildicon_s,172,guild_icon_24.png,72,192,24,24,0,0,0,0,,,
guildicon_s,173,guild_icon_24.png,96,192,24,24,0,0,0,0,,,
guildicon_s,174,guild_icon_24.png,120,192,24,24,0,0,0,0,,,
guildicon_s,175,guild_icon_24.png,144,192,24,24,0,0,0,0,,,
guildicon_s,176,guild_icon_24.png,168,192,24,24,0,0,0,0,,,
guildicon_s,177,guild_icon_24.png,192,192,24,24,0,0,0,0,,,
guildicon_s,178,guild_icon_24.png,216,192,24,24,0,0,0,0,,,
guildicon_s,179,guild_icon_24.png,240,192,24,24,0,0,0,0,,,
guildicon_s,180,guild_icon_24.png,264,192,24,24,0,0,0,0,,,
guildicon_s,181,guild_icon_24.png,288,192,24,24,0,0,0,0,,,
guildicon_s,182,guild_icon_24.png,312,192,24,24,0,0,0,0,,,
guildicon_s,183,guild_icon_24.png,336,192,24,24,0,0,0,0,,,
guildicon_s,184,guild_icon_24.png,360,192,24,24,0,0,0,0,,,
guildicon_s,185,guild_icon_24.png,384,192,24,24,0,0,0,0,,,
guildicon_s,186,guild_icon_24.png,408,192,24,24,0,0,0,0,,,
guildicon_s,187,guild_icon_24.png,432,192,24,24,0,0,0,0,,,
guildicon_s,188,guild_icon_24.png,456,192,24,24,0,0,0,0,,,
guildicon_s,189,guild_icon_24.png,480,192,24,24,0,0,0,0,,,
guildicon_s,190,guild_icon_24.png,0,216,24,24,0,0,0,0,,,
guildicon_s,191,guild_icon_24.png,24,216,24,24,0,0,0,0,,,
guildicon_s,192,guild_icon_24.png,48,216,24,24,0,0,0,0,,,
guildicon_s,193,guild_icon_24.png,72,216,24,24,0,0,0,0,,,
guildicon_s,194,guild_icon_24.png,96,216,24,24,0,0,0,0,,,
guildicon_s,195,guild_icon_24.png,120,216,24,24,0,0,0,0,,,
guildicon_s,196,guild_icon_24.png,144,216,24,24,0,0,0,0,,,
guildicon_s,197,guild_icon_24.png,168,216,24,24,0,0,0,0,,,
guildicon_s,198,guild_icon_24.png,192,216,24,24,0,0,0,0,,,
guildicon_s,199,guild_icon_24.png,216,216,26,24,0,0,0,0,,,
guildicon_s,200,guild_icon_24.png,240,216,26,24,0,0,0,0,,,
guildicon_s,201,guild_icon_24.png,264,216,26,24,0,0,0,0,,,
guildicon_s,202,guild_icon_24.png,288,216,24,24,0,0,0,0,,,
guildicon_s,203,guild_icon_24.png,312,216,24,24,0,0,0,0,,,
guildicon_s,204,guild_icon_24.png,336,216,24,24,0,0,0,0,,,
guildicon_s,205,guild_icon_24.png,360,216,24,24,0,0,0,0,,,
guildicon_s,206,guild_icon_24.png,384,216,24,24,0,0,0,0,,,
guildicon_s,207,guild_icon_24.png,408,216,24,24,0,0,0,0,,,
guildicon_s,208,guild_icon_24.png,432,216,24,24,0,0,0,0,,,
guildicon_s,209,guild_icon_24.png,456,216,24,24,0,0,0,0,,,
guildicon_s,210,guild_icon_24.png,480,216,24,24,0,0,0,0,,,
guildicon_s,211,guild_icon_24.png,0,240,24,24,0,0,0,0,,,
guildicon_s,212,guild_icon_24.png,24,240,24,24,0,0,0,0,,,
guildicon_s,213,guild_icon_24.png,48,240,24,24,0,0,0,0,,,
guildicon_s,214,guild_icon_24.png,72,240,24,24,0,0,0,0,,,
guildicon_s,215,guild_icon_24.png,96,240,24,24,0,0,0,0,,,
guildicon_s,216,guild_icon_24.png,120,240,24,24,0,0,0,0,,,
guildicon_s,217,guild_icon_24.png,144,240,24,24,0,0,0,0,,,
guildicon_s,218,guild_icon_24.png,168,240,24,24,0,0,0,0,,,
guildicon_s,219,guild_icon_24.png,192,240,24,24,0,0,0,0,,,
guildicon_s,220,guild_icon_24.png,216,240,24,24,0,0,0,0,,,
guildicon_s,221,guild_icon_24.png,240,240,24,24,0,0,0,0,,,
guildicon_s,222,guild_icon_24.png,264,240,24,24,0,0,0,0,,,
guildicon_s,223,guild_icon_24.png,288,240,24,24,0,0,0,0,,,
guildicon_s,224,guild_icon_24.png,312,240,24,24,0,0,0,0,,,
guildicon_s,225,guild_icon_24.png,336,240,24,24,0,0,0,0,,,
guildicon_s,226,guild_icon_24.png,360,240,24,24,0,0,0,0,,,
guildicon_s,227,guild_icon_24.png,384,240,24,24,0,0,0,0,,,
guildicon_s,228,guild_icon_24.png,408,240,24,24,0,0,0,0,,,
guildicon_s,229,guild_icon_24.png,432,240,24,24,0,0,0,0,,,
guildicon_s,230,guild_icon_24.png,456,240,24,24,0,0,0,0,,,
guildicon_s,231,guild_icon_24.png,480,240,24,24,0,0,0,0,,,
guildicon_s,232,guild_icon_24.png,0,264,24,24,0,0,0,0,,,
guildicon_s,233,guild_icon_24.png,24,264,24,24,0,0,0,0,,,
guildicon_s,234,guild_icon_24.png,48,264,24,24,0,0,0,0,,,
guildicon_s,235,guild_icon_24.png,72,264,24,24,0,0,0,0,,,
guildicon_s,236,guild_icon_24.png,96,264,24,24,0,0,0,0,,,
guildicon_s,237,guild_icon_24.png,120,264,24,24,0,0,0,0,,,
guildicon_s,238,guild_icon_24.png,144,264,24,24,0,0,0,0,,,
guildicon_s,239,guild_icon_24.png,168,264,24,24,0,0,0,0,,,
guildicon_s,240,guild_icon_24.png,192,264,24,24,0,0,0,0,,,
guildicon_s,241,guild_icon_24.png,216,264,24,24,0,0,0,0,,,
guildicon_s,242,guild_icon_24.png,240,264,24,24,0,0,0,0,,,
guildicon_s,243,guild_icon_24.png,264,264,24,24,0,0,0,0,,,
guildicon_s,244,guild_icon_24.png,288,264,24,24,0,0,0,0,,,
guildicon_s,245,guild_icon_24.png,312,264,24,24,0,0,0,0,,,
guildicon_s,246,guild_icon_24.png,336,264,24,24,0,0,0,0,,,
guildicon_s,247,guild_icon_24.png,360,264,24,24,0,0,0,0,,,
guildicon_s,248,guild_icon_24.png,384,264,24,24,0,0,0,0,,,
guildicon_s,249,guild_icon_24.png,408,264,24,24,0,0,0,0,,,
guildicon_s,250,guild_icon_24.png,432,264,24,24,0,0,0,0,,,
guildicon_s,251,guild_icon_24.png,456,264,24,24,0,0,0,0,,,
guildicon_s,252,guild_icon_24.png,480,264,24,24,0,0,0,0,,,
guildicon_s,253,guild_icon_24.png,0,288,24,24,0,0,0,0,,,
guildicon_s,254,guild_icon_24.png,24,288,24,24,0,0,0,0,,,
guildicon_s,255,guild_icon_24.png,48,288,24,24,0,0,0,0,,,
guildicon_s,256,guild_icon_24.png,72,288,24,24,0,0,0,0,,,
guildicon_s,257,guild_icon_24.png,96,288,24,24,0,0,0,0,,,
guildicon_s,258,guild_icon_24.png,120,288,24,24,0,0,0,0,,,
guildicon_s,259,guild_icon_24.png,144,288,24,24,0,0,0,0,,,
guildicon_s,260,guild_icon_24.png,168,288,24,24,0,0,0,0,,,
guildicon_s,261,guild_icon_24.png,192,288,24,24,0,0,0,0,,,
guildicon_s,262,guild_icon_24.png,216,288,24,24,0,0,0,0,,,
guildicon_s,263,guild_icon_24.png,240,288,24,24,0,0,0,0,,,
guildicon_s,264,guild_icon_24.png,264,288,24,24,0,0,0,0,,,
guildicon_s,265,guild_icon_24.png,288,288,24,24,0,0,0,0,,,
guildicon_s,266,guild_icon_24.png,312,288,24,24,0,0,0,0,,,
guildicon_s,267,guild_icon_24.png,336,288,24,24,0,0,0,0,,,
guildicon_s,268,guild_icon_24.png,360,288,24,24,0,0,0,0,,,
guildicon_s,269,guild_icon_24.png,384,288,24,24,0,0,0,0,,,
guildicon_s,270,guild_icon_24.png,408,288,24,24,0,0,0,0,,,
guildicon_s,271,guild_icon_24.png,432,288,24,24,0,0,0,0,,,
guildicon_s,272,guild_icon_24.png,456,288,24,24,0,0,0,0,,,
guildicon_s,273,guild_icon_24.png,480,288,24,24,0,0,0,0,,,
guildicon_s,274,guild_icon_24.png,0,312,24,24,0,0,0,0,,,
guildicon_s,275,guild_icon_24.png,24,312,24,24,0,0,0,0,,,
guildicon_s,276,guild_icon_24.png,48,312,24,24,0,0,0,0,,,
guildicon_s,277,guild_icon_24.png,72,312,24,24,0,0,0,0,,,
guildicon_s,278,guild_icon_24.png,96,312,24,24,0,0,0,0,,,
guildicon_s,279,guild_icon_24.png,120,312,24,24,0,0,0,0,,,
guildicon_s,280,guild_icon_24.png,144,312,24,24,0,0,0,0,,,
guildicon_s,281,guild_icon_24.png,168,312,24,24,0,0,0,0,,,
guildicon_s,282,guild_icon_24.png,192,312,24,24,0,0,0,0,,,
guildicon_s,283,guild_icon_24.png,216,312,24,24,0,0,0,0,,,
guildicon_s,284,guild_icon_24.png,240,312,24,24,0,0,0,0,,,
guildicon_s,285,guild_icon_24.png,264,312,24,24,0,0,0,0,,,
guildicon_s,286,guild_icon_24.png,288,312,24,24,0,0,0,0,,,
guildicon_s,287,guild_icon_24.png,312,312,24,24,0,0,0,0,,,
guildicon_s,288,guild_icon_24.png,336,312,24,24,0,0,0,0,,,
guildicon_s,289,guild_icon_24.png,360,312,24,24,0,0,0,0,,,
guildicon_s,290,guild_icon_24.png,384,312,24,24,0,0,0,0,,,
guildicon_s,291,guild_icon_24.png,408,312,24,24,0,0,0,0,,,
guildicon_s,292,guild_icon_24.png,432,312,24,24,0,0,0,0,,,
guildicon_s,293,guild_icon_24.png,456,312,24,24,0,0,0,0,,,
guildicon_s,294,guild_icon_24.png,480,312,24,24,0,0,0,0,,,
guildicon_s,295,guild_icon_24.png,0,336,24,24,0,0,0,0,,,
guildicon_s,296,guild_icon_24.png,24,336,24,24,0,0,0,0,,,
guildicon_s,297,guild_icon_24.png,48,336,24,24,0,0,0,0,,,
guildicon_s,298,guild_icon_24.png,72,336,24,24,0,0,0,0,,,
guildicon_s,299,guild_icon_24.png,96,336,24,24,0,0,0,0,,,
guildicon_s,300,guild_icon_24.png,120,336,24,24,0,0,0,0,,,
guildicon_s,301,guild_icon_24.png,144,336,24,24,0,0,0,0,,,
guildicon_s,302,guild_icon_24.png,168,336,24,24,0,0,0,0,,,
guildicon_s,303,guild_icon_24.png,192,336,24,24,0,0,0,0,,,
,,,,,,,,,,,,,
guildicon_s,304,guild_icon_24.png,216,336,24,24,0,0,0,0,,,
guildicon_s,305,guild_icon_24.png,240,336,24,24,0,0,0,0,,,
guildicon_s,306,guild_icon_24.png,264,336,24,24,0,0,0,0,,,
guildicon_s,307,guild_icon_24.png,288,336,24,24,0,0,0,0,,,
guildicon_s,308,guild_icon_24.png,312,336,24,24,0,0,0,0,,,
guildicon_s,309,guild_icon_24.png,336,336,24,24,0,0,0,0,,,
guildicon_s,310,guild_icon_24.png,360,336,24,24,0,0,0,0,,,
guildicon_s,311,guild_icon_24.png,384,336,24,24,0,0,0,0,,,
guildicon_s,312,guild_icon_24.png,408,336,24,24,0,0,0,0,,,
guildicon_s,313,guild_icon_24.png,432,336,24,24,0,0,0,0,,,
guildicon_s,314,guild_icon_24.png,456,336,24,24,0,0,0,0,,,
guildicon_s,315,guild_icon_24.png,480,336,24,24,0,0,0,0,,,
guildicon_s,316,guild_icon_24.png,0,360,24,24,0,0,0,0,,,
guildicon_s,317,guild_icon_24.png,24,360,24,24,0,0,0,0,,,
guildicon_s,318,guild_icon_24.png,48,360,24,24,0,0,0,0,,,
guildicon_s,319,guild_icon_24.png,72,360,24,24,0,0,0,0,,,
guildicon_s,320,guild_icon_24.png,96,360,24,24,0,0,0,0,,,
guildicon_s,321,guild_icon_24.png,120,360,24,24,0,0,0,0,,,
guildicon_s,322,guild_icon_24.png,144,360,24,24,0,0,0,0,,,
,,,,,,,,,,,,,
guildicon_s,323,guild_icon_24.png,168,360,24,24,0,0,0,0,,,
guildicon_s,324,guild_icon_24.png,192,360,24,24,0,0,0,0,,,
guildicon_s,325,guild_icon_24.png,216,360,24,24,0,0,0,0,,,
guildicon_s,326,guild_icon_24.png,240,360,24,24,0,0,0,0,,,
guildicon_s,327,guild_icon_24.png,264,360,24,24,0,0,0,0,,,
guildicon_s,328,guild_icon_24.png,288,360,24,24,0,0,0,0,,,
guildicon_s,329,guild_icon_24.png,312,360,24,24,0,0,0,0,,,
guildicon_s,330,guild_icon_24.png,336,360,24,24,0,0,0,0,,,
guildicon_s,331,guild_icon_24.png,360,360,24,24,0,0,0,0,,,
guildicon_s,332,guild_icon_24.png,384,360,24,24,0,0,0,0,,,
guildicon_s,333,guild_icon_24.png,408,360,24,24,0,0,0,0,,,
guildicon_s,334,guild_icon_24.png,432,360,24,24,0,0,0,0,,,
guildicon_s,335,guild_icon_24.png,456,360,24,24,0,0,0,0,,,
guildicon_s,336,guild_icon_24.png,480,360,24,24,0,0,0,0,,,
guildicon_s,337,guild_icon_24.png,0,384,24,24,0,0,0,0,,,
guildicon_s,338,guild_icon_24.png,24,384,24,24,0,0,0,0,,,
guildicon_s,339,guild_icon_24.png,48,384,24,24,0,0,0,0,,,
guildicon_s,340,guild_icon_24.png,72,384,24,24,0,0,0,0,,,
guildicon_s,341,guild_icon_24.png,96,384,24,24,0,0,0,0,,,
guildicon_s,342,guild_icon_24.png,120,384,24,24,0,0,0,0,,,
guildicon_s,343,guild_icon_24.png,144,384,24,24,0,0,0,0,,,
guildicon_s,344,guild_icon_24.png,168,384,24,24,0,0,0,0,,,
guildicon_s,345,guild_icon_24.png,192,384,24,24,0,0,0,0,,,
guildicon_s,346,guild_icon_24.png,216,384,24,24,0,0,0,0,,,
guildicon_s,347,guild_icon_24.png,240,384,24,24,0,0,0,0,,,
guildicon_s,348,guild_icon_24.png,264,384,24,24,0,0,0,0,,,
guildicon_s,349,guild_icon_24.png,288,384,24,24,0,0,0,0,,,
guildicon_s,350,guild_icon_24.png,312,384,24,24,0,0,0,0,,,
guildicon_s,351,guild_icon_24.png,336,384,24,24,0,0,0,0,,,
guildicon_s,352,guild_icon_24.png,360,384,24,24,0,0,0,0,,,
guildicon_s,353,guild_icon_24.png,384,384,24,24,0,0,0,0,,,
guildicon_s,354,guild_icon_24.png,408,384,24,24,0,0,0,0,,,
guildicon_s,355,guild_icon_24.png,432,384,24,24,0,0,0,0,,,
guildicon_s,356,guild_icon_24.png,456,384,24,24,0,0,0,0,,,
,,,,,,,,,,,,,
guildicon_s,357,guild_icon_24.png,480,384,24,24,0,0,0,0,,,
guildicon_s,358,guild_icon_24.png,0,408,24,24,0,0,0,0,,,
guildicon_s,359,guild_icon_24.png,24,408,24,24,0,0,0,0,,,
guildicon_s,360,guild_icon_24.png,48,408,24,24,0,0,0,0,,,
,,,,,,,,,,,,,
guildicon_s,361,guild_icon_24.png,72,408,24,24,0,0,0,0,,,
guildicon_s,362,guild_icon_24.png,96,408,24,24,0,0,0,0,,,
guildicon_s,363,guild_icon_24.png,120,408,24,24,0,0,0,0,,,
guildicon_s,364,guild_icon_24.png,144,408,24,24,0,0,0,0,,,
guildicon_s,365,guild_icon_24.png,168,408,24,24,0,0,0,0,,,
guildicon_s,366,guild_icon_24.png,192,408,24,24,0,0,0,0,,,
guildicon_s,367,guild_icon_24.png,216,408,24,24,0,0,0,0,,,
guildicon_s,368,guild_icon_24.png,240,408,24,24,0,0,0,0,,,
guildicon_s,369,guild_icon_24.png,264,408,24,24,0,0,0,0,,,
guildicon_s,370,guild_icon_24.png,288,408,24,24,0,0,0,0,,,
guildicon_s,371,guild_icon_24.png,312,408,24,24,0,0,0,0,,,
guildicon_s,372,guild_icon_24.png,336,408,24,24,0,0,0,0,,,
guildicon_s,373,guild_icon_24.png,360,408,24,24,0,0,0,0,,,
guildicon_s,374,guild_icon_24.png,384,408,24,24,0,0,0,0,,,
guildicon_s,375,guild_icon_24.png,408,408,24,24,0,0,0,0,,,
guildicon_s,376,guild_icon_24.png,432,408,24,24,0,0,0,0,,,
guildicon_s,377,guild_icon_24.png,456,408,24,24,0,0,0,0,,,
guildicon_s,378,guild_icon_24.png,480,408,24,24,0,0,0,0,,,
guildicon_s,379,guild_icon_24.png,0,432,24,24,0,0,0,0,,,
guildicon_s,380,guild_icon_24.png,24,432,24,24,0,0,0,0,,,
guildicon_s,381,guild_icon_24.png,48,432,24,24,0,0,0,0,,,
guildicon_s,382,guild_icon_24.png,72,432,24,24,0,0,0,0,,,
guildicon_s,383,guild_icon_24.png,96,432,24,24,0,0,0,0,,,
guildicon_s,384,guild_icon_24.png,120,432,24,24,0,0,0,0,,,
guildicon_s,385,guild_icon_24.png,144,432,24,24,0,0,0,0,,,
guildicon_s,386,guild_icon_24.png,168,432,24,24,0,0,0,0,,,
guildicon_s,387,guild_icon_24.png,192,432,24,24,0,0,0,0,,,
guildicon_s,388,guild_icon_24.png,216,432,24,24,0,0,0,0,,,
guildicon_s,389,guild_icon_24.png,240,432,24,24,0,0,0,0,,,
guildicon_s,390,guild_icon_24.png,264,432,24,24,0,0,0,0,,,
guildicon_s,391,guild_icon_24.png,288,432,24,24,0,0,0,0,,,
guildicon_s,392,guild_icon_24.png,312,432,24,24,0,0,0,0,,,
guildicon_s,393,guild_icon_24.png,336,432,24,24,0,0,0,0,,,
guildicon_s,394,guild_icon_24.png,360,432,24,24,0,0,0,0,,,
guildicon_s,395,guild_icon_24.png,384,432,24,24,0,0,0,0,,,
guildicon_s,396,guild_icon_24.png,408,432,24,24,0,0,0,0,,,
guildicon_s,397,guild_icon_24.png,432,432,24,24,0,0,0,0,,,
guildicon_s,398,guild_icon_24.png,456,432,24,24,0,0,0,0,,,
guildicon_s,399,guild_icon_24.png,480,432,24,24,0,0,0,0,,,
guildicon_s,400,guild_icon_24.png,0,456,24,24,0,0,0,0,,,
guildicon_s,401,guild_icon_24.png,24,456,24,24,0,0,0,0,,,
guildicon_s,402,guild_icon_24.png,48,456,24,24,0,0,0,0,,,
guildicon_s,403,guild_icon_24.png,72,456,24,24,0,0,0,0,,,
guildicon_s,404,guild_icon_24.png,96,456,24,24,0,0,0,0,,,
guildicon_s,405,guild_icon_24.png,120,456,24,24,0,0,0,0,,,
guildicon_s,406,guild_icon_24.png,144,456,24,24,0,0,0,0,,,
guildicon_s,407,guild_icon_24.png,168,456,24,24,0,0,0,0,,,
guildicon_s,408,guild_icon_24.png,192,456,24,24,0,0,0,0,,,
guildicon_s,409,guild_icon_24.png,216,456,24,24,0,0,0,0,,,
guildicon_s,410,guild_icon_24.png,240,456,24,24,0,0,0,0,,,
guildicon_s,411,guild_icon_24.png,264,456,24,24,0,0,0,0,,,
guildicon_s,412,guild_icon_24.png,288,456,24,24,0,0,0,0,,,
guildicon_s,413,guild_icon_24.png,312,456,24,24,0,0,0,0,,,
guildicon_s,414,guild_icon_24.png,336,456,24,24,0,0,0,0,,,
guildicon_s,415,guild_icon_24.png,360,456,24,24,0,0,0,0,,,
guildicon_s,416,guild_icon_24.png,384,456,24,24,0,0,0,0,,,
guildicon_s,417,guild_icon_24.png,408,456,24,24,0,0,0,0,,,
guildicon_s,418,guild_icon_24.png,432,456,24,24,0,0,0,0,,,
guildicon_s,419,guild_icon_24.png,456,456,24,24,0,0,0,0,,,
guildicon_s,420,guild_icon_24.png,480,456,24,24,0,0,0,0,,,
guildicon_s,421,guild_icon_24.png,0,480,24,24,0,0,0,0,,,
guildicon_s,422,guild_icon_24.png,24,480,24,24,0,0,0,0,,,
guildicon_s,423,guild_icon_24.png,48,480,24,24,0,0,0,0,,,
guildicon_s,424,guild_icon_24.png,72,480,24,24,0,0,0,0,,,
guildicon_s,425,guild_icon_24.png,96,480,24,24,0,0,0,0,,,
guildicon_s,426,guild_icon_24.png,120,480,24,24,0,0,0,0,,,
guildicon_s,427,guild_icon_24.png,144,480,24,24,0,0,0,0,,,
guildicon_s,428,guild_icon_24.png,168,480,24,24,0,0,0,0,,,
guildicon_s,429,guild_icon_24.png,192,480,24,24,0,0,0,0,,,
guildicon_s,430,guild_icon_24.png,216,480,24,24,0,0,0,0,,,
guildicon_s,431,guild_icon_24.png,240,480,24,24,0,0,0,0,,,
guildicon_s,432,guild_icon_24.png,264,480,24,24,0,0,0,0,,,
guildicon_s,433,guild_icon_24.png,288,480,24,24,0,0,0,0,,,
guildicon_s,434,guild_icon_24.png,312,480,24,24,0,0,0,0,,,
guildicon_s,435,guild_icon_24.png,336,480,24,24,0,0,0,0,,,
guildicon_s,436,guild_icon_24.png,360,480,24,24,0,0,0,0,,,
guildicon_s,437,guild_icon_24.png,384,480,24,24,0,0,0,0,,,
guildicon_s,438,guild_icon_24.png,408,480,24,24,0,0,0,0,,,
guildicon_s,439,guild_icon_24.png,432,480,24,24,0,0,0,0,,,
guildicon_s,440,guild_icon_24.png,456,480,24,24,0,0,0,0,,,
guildicon_s,441,guild_icon_24.png,480,480,24,24,0,0,0,0,,,
guildicon_s,442,guild_icon_24b.png,0,0,24,24,0,0,0,0,,,
guildicon_s,443,guild_icon_24b.png,24,0,24,24,0,0,0,0,,,
guildicon_s,444,guild_icon_24b.png,48,0,24,24,0,0,0,0,,,
guildicon_s,445,guild_icon_24b.png,72,0,24,24,0,0,0,0,,,
guildicon_s,446,guild_icon_24b.png,96,0,24,24,0,0,0,0,,,
guildicon_s,447,guild_icon_24b.png,120,0,24,24,0,0,0,0,,,
guildicon_s,448,guild_icon_24b.png,144,0,24,24,0,0,0,0,,,
guildicon_s,449,guild_icon_24b.png,168,0,24,24,0,0,0,0,,,
guildicon_s,450,guild_icon_24b.png,192,0,24,24,0,0,0,0,,,
guildicon_s,451,guild_icon_24b.png,216,0,24,24,0,0,0,0,,,
guildicon_s,452,guild_icon_24b.png,240,0,24,24,0,0,0,0,,,
guildicon_s,453,guild_icon_24b.png,264,0,24,24,0,0,0,0,,,
guildicon_s,454,guild_icon_24b.png,288,0,24,24,0,0,0,0,,,
guildicon_s,455,guild_icon_24b.png,312,0,24,24,0,0,0,0,,,
guildicon_s,456,guild_icon_24b.png,336,0,24,24,0,0,0,0,,,
guildicon_s,457,guild_icon_24b.png,360,0,24,24,0,0,0,0,,,
guildicon_s,458,guild_icon_24b.png,384,0,24,24,0,0,0,0,,,
guildicon_s,459,guild_icon_24b.png,408,0,24,24,0,0,0,0,,,
guildicon_s,460,guild_icon_24b.png,432,0,24,24,0,0,0,0,,,
guildicon_s,461,guild_icon_24b.png,456,0,24,24,0,0,0,0,,,
guildicon_s,462,guild_icon_24b.png,480,0,24,24,0,0,0,0,,,
guildicon_s,463,guild_icon_24b.png,0,24,24,24,0,0,0,0,,,
guildicon_s,464,guild_icon_24b.png,24,24,24,24,0,0,0,0,,,
guildicon_s,465,guild_icon_24b.png,48,24,24,24,0,0,0,0,,,
guildicon_s,466,guild_icon_24b.png,72,24,24,24,0,0,0,0,,,
guildicon_s,467,guild_icon_24b.png,96,24,24,24,0,0,0,0,,,
guildicon_s,468,guild_icon_24b.png,120,24,24,24,0,0,0,0,,,
guildicon_s,469,guild_icon_24b.png,144,24,24,24,0,0,0,0,,,
guildicon_s,470,guild_icon_24b.png,168,24,24,24,0,0,0,0,,,
guildicon_s,471,guild_icon_24b.png,192,24,24,24,0,0,0,0,,,
guildicon_s,472,guild_icon_24b.png,216,24,24,24,0,0,0,0,,,
guildicon_s,473,guild_icon_24b.png,240,24,24,24,0,0,0,0,,,
guildicon_s,474,guild_icon_24b.png,264,24,24,24,0,0,0,0,,,
guildicon_s,475,guild_icon_24b.png,288,24,24,24,0,0,0,0,,,
guildicon_s,476,guild_icon_24b.png,312,24,24,24,0,0,0,0,,,
guildicon_s,477,guild_icon_24b.png,336,24,24,24,0,0,0,0,,,
guildicon_s,478,guild_icon_24b.png,360,24,24,24,0,0,0,0,,,
guildicon_s,479,guild_icon_24b.png,384,24,24,24,0,0,0,0,,,
guildicon_s,480,guild_icon_24b.png,408,24,24,24,0,0,0,0,,,
guildicon_s,481,guild_icon_24b.png,432,24,24,24,0,0,0,0,,,
guildicon_s,482,guild_icon_24b.png,456,24,24,24,0,0,0,0,,,
guildicon_s,483,guild_icon_24b.png,480,24,24,24,0,0,0,0,,,
guildicon_s,484,guild_icon_24b.png,0,48,24,24,0,0,0,0,,,
guildicon_s,485,guild_icon_24b.png,24,48,24,24,0,0,0,0,,,
guildicon_s,486,guild_icon_24b.png,48,48,24,24,0,0,0,0,,,
guildicon_s,487,guild_icon_24b.png,72,48,24,24,0,0,0,0,,,
guildicon_s,488,guild_icon_24b.png,96,48,24,24,0,0,0,0,,,
guildicon_s,489,guild_icon_24b.png,120,48,24,24,0,0,0,0,,,
guildicon_s,490,guild_icon_24b.png,144,48,24,24,0,0,0,0,,,
guildicon_s,491,guild_icon_24b.png,168,48,24,24,0,0,0,0,,,
guildicon_s,492,guild_icon_24b.png,192,48,24,24,0,0,0,0,,,
guildicon_s,493,guild_icon_24b.png,216,48,24,24,0,0,0,0,,,
guildicon_s,494,guild_icon_24b.png,240,48,24,24,0,0,0,0,,,
guildicon_s,495,guild_icon_24b.png,264,48,24,24,0,0,0,0,,,
guildicon_s,496,guild_icon_24b.png,288,48,24,24,0,0,0,0,,,
guildicon_s,497,guild_icon_24b.png,312,48,24,24,0,0,0,0,,,
guildicon_s,498,guild_icon_24b.png,336,48,24,24,0,0,0,0,,,
guildicon_s,499,guild_icon_24b.png,360,48,24,24,0,0,0,0,,,
guildicon_s,500,guild_icon_24b.png,384,48,24,24,0,0,0,0,,,
guildicon_s,501,guild_icon_24b.png,408,48,24,24,0,0,0,0,,,
guildicon_s,502,guild_icon_24b.png,432,48,24,24,0,0,0,0,,,
guildicon_s,503,guild_icon_24b.png,456,48,24,24,0,0,0,0,,,
guildicon_s,504,guild_icon_24b.png,480,48,24,24,0,0,0,0,,,
guildicon_s,505,guild_icon_24b.png,0,72,24,24,0,0,0,0,,,
guildicon_s,506,guild_icon_24b.png,24,72,24,24,0,0,0,0,,,
guildicon_s,507,guild_icon_24b.png,48,72,24,24,0,0,0,0,,,
guildicon_s,508,guild_icon_24b.png,72,72,24,24,0,0,0,0,,,
guildicon_s,509,guild_icon_24b.png,96,72,24,24,0,0,0,0,,,
guildicon_s,510,guild_icon_24b.png,120,72,24,24,0,0,0,0,,,
guildicon_s,511,guild_icon_24b.png,144,72,24,24,0,0,0,0,,,
guildicon_s,512,guild_icon_24b.png,168,72,24,24,0,0,0,0,,,
guildicon_s,513,guild_icon_24b.png,192,72,24,24,0,0,0,0,,,
guildicon_s,514,guild_icon_24b.png,216,72,24,24,0,0,0,0,,,
guildicon_s,515,guild_icon_24b.png,240,72,24,24,0,0,0,0,,,
guildicon_s,516,guild_icon_24b.png,264,72,24,24,0,0,0,0,,,
guildicon_s,517,guild_icon_24b.png,288,72,24,24,0,0,0,0,,,
guildicon_s,518,guild_icon_24b.png,312,72,24,24,0,0,0,0,,,
guildicon_s,519,guild_icon_24b.png,336,72,24,24,0,0,0,0,,,
guildicon_s,520,guild_icon_24b.png,360,72,24,24,0,0,0,0,,,
guildicon_s,521,guild_icon_24b.png,384,72,24,24,0,0,0,0,,,
guildicon_s,522,guild_icon_24b.png,408,72,24,24,0,0,0,0,,,
guildicon_s,523,guild_icon_24b.png,432,72,24,24,0,0,0,0,,,
guildicon_s,524,guild_icon_24b.png,456,72,24,24,0,0,0,0,,,
guildicon_s,525,guild_icon_24b.png,480,72,24,24,0,0,0,0,,,
guildicon_s,526,guild_icon_24b.png,0,96,24,24,0,0,0,0,,,
guildicon_s,527,guild_icon_24b.png,24,96,24,24,0,0,0,0,,,
guildicon_s,528,guild_icon_24b.png,48,96,24,24,0,0,0,0,,,
guildicon_s,529,guild_icon_24b.png,72,96,24,24,0,0,0,0,,,
guildicon_s,530,guild_icon_24b.png,96,96,24,24,0,0,0,0,,,
guildicon_s,531,guild_icon_24b.png,120,96,24,24,0,0,0,0,,,
guildicon_s,532,guild_icon_24b.png,144,96,24,24,0,0,0,0,,,
guildicon_s,533,guild_icon_24b.png,168,96,24,24,0,0,0,0,,,
guildicon_s,534,guild_icon_24b.png,192,96,24,24,0,0,0,0,,,
guildicon_s,535,guild_icon_24b.png,216,96,24,24,0,0,0,0,,,
guildicon_s,536,guild_icon_24b.png,240,96,24,24,0,0,0,0,,,
guildicon_s,537,guild_icon_24b.png,264,96,24,24,0,0,0,0,,,
guildicon_s,538,guild_icon_24b.png,288,96,24,24,0,0,0,0,,,
guildicon_s,539,guild_icon_24b.png,312,96,24,24,0,0,0,0,,,
guildicon_s,540,guild_icon_24b.png,336,96,24,24,0,0,0,0,,,
guildicon_s,541,guild_icon_24b.png,360,96,24,24,0,0,0,0,,,
guildicon_s,542,guild_icon_24b.png,384,96,24,24,0,0,0,0,,,
guildicon_s,543,guild_icon_24b.png,408,96,24,24,0,0,0,0,,,
guildicon_s,544,guild_icon_24b.png,432,96,24,24,0,0,0,0,,,
guildicon_s,545,guild_icon_24b.png,456,96,24,24,0,0,0,0,,,
guildicon_s,546,guild_icon_24b.png,480,96,24,24,0,0,0,0,,,
guildicon_s,547,guild_icon_24b.png,0,120,24,24,0,0,0,0,,,
guildicon_s,548,guild_icon_24b.png,24,120,24,24,0,0,0,0,,,
guildicon_s,549,guild_icon_24b.png,48,120,24,24,0,0,0,0,,,
guildicon_s,550,guild_icon_24b.png,72,120,24,24,0,0,0,0,,,
guildicon_s,551,guild_icon_24b.png,96,120,24,24,0,0,0,0,,,
guildicon_s,552,guild_icon_24b.png,120,120,24,24,0,0,0,0,,,
guildicon_s,553,guild_icon_24b.png,144,120,24,24,0,0,0,0,,,
guildicon_s,554,guild_icon_24b.png,168,120,24,24,0,0,0,0,,,
guildicon_s,555,guild_icon_24b.png,192,120,24,24,0,0,0,0,,,
guildicon_s,556,guild_icon_24b.png,216,120,24,24,0,0,0,0,,,
guildicon_s,557,guild_icon_24b.png,240,120,24,24,0,0,0,0,,,
guildicon_s,558,guild_icon_24b.png,264,120,24,24,0,0,0,0,,,
guildicon_s,559,guild_icon_24b.png,288,120,24,24,0,0,0,0,,,
guildicon_s,560,guild_icon_24b.png,312,120,24,24,0,0,0,0,,,
guildicon_s,561,guild_icon_24b.png,336,120,24,24,0,0,0,0,,,
guildicon_s,562,guild_icon_24b.png,360,120,24,24,0,0,0,0,,,
guildicon_s,563,guild_icon_24b.png,384,120,24,24,0,0,0,0,,,
guildicon_s,564,guild_icon_24b.png,408,120,24,24,0,0,0,0,,,
guildicon_s,565,guild_icon_24b.png,432,120,24,24,0,0,0,0,,,
guildicon_s,566,guild_icon_24b.png,456,120,24,24,0,0,0,0,,,
guildicon_s,567,guild_icon_24b.png,480,120,24,24,0,0,0,0,,,
guildicon_s,568,guild_icon_24b.png,0,144,24,24,0,0,0,0,,,
guildicon_s,569,guild_icon_24b.png,24,144,24,24,0,0,0,0,,,
guildicon_s,570,guild_icon_24b.png,48,144,24,24,0,0,0,0,,,
guildicon_s,571,guild_icon_24b.png,72,144,24,24,0,0,0,0,,,
guildicon_s,572,guild_icon_24b.png,96,144,24,24,0,0,0,0,,,
guildicon_s,573,guild_icon_24b.png,120,144,24,24,0,0,0,0,,,
guildicon_s,574,guild_icon_24b.png,144,144,24,24,0,0,0,0,,,
guildicon_s,575,guild_icon_24b.png,168,144,24,24,0,0,0,0,,,
guildicon_s,576,guild_icon_24b.png,192,144,24,24,0,0,0,0,,,
guildicon_s,577,guild_icon_24b.png,216,144,24,24,0,0,0,0,,,
guildicon_s,578,guild_icon_24b.png,240,144,24,24,0,0,0,0,,,
guildicon_s,579,guild_icon_24b.png,264,144,24,24,0,0,0,0,,,
guildicon_s,580,guild_icon_24b.png,288,144,24,24,0,0,0,0,,,
guildicon_s,581,guild_icon_24b.png,312,144,24,24,0,0,0,0,,,
guildicon_s,582,guild_icon_24b.png,336,144,24,24,0,0,0,0,,,
guildicon_s,583,guild_icon_24b.png,360,144,24,24,0,0,0,0,,,
guildicon_s,584,guild_icon_24b.png,384,144,24,24,0,0,0,0,,,
guildicon_s,585,guild_icon_24b.png,408,144,24,24,0,0,0,0,,,
guildicon_s,586,guild_icon_24b.png,432,144,24,24,0,0,0,0,,,
guildicon_s,587,guild_icon_24b.png,456,144,24,24,0,0,0,0,,,
guildicon_s,588,guild_icon_24b.png,480,144,24,24,0,0,0,0,,,
guildicon_s,589,guild_icon_24b.png,0,168,24,24,0,0,0,0,,,
guildicon_s,590,guild_icon_24b.png,24,168,24,24,0,0,0,0,,,
guildicon_s,591,guild_icon_24b.png,48,168,24,24,0,0,0,0,,,
guildicon_s,592,guild_icon_24b.png,72,168,24,24,0,0,0,0,,,
guildicon_s,593,guild_icon_24b.png,96,168,24,24,0,0,0,0,,,
guildicon_s,594,guild_icon_24b.png,120,168,24,24,0,0,0,0,,,
guildicon_s,595,guild_icon_24b.png,144,168,24,24,0,0,0,0,,,
guildicon_s,596,guild_icon_24b.png,168,168,24,24,0,0,0,0,,,
guildicon_s,597,guild_icon_24b.png,192,168,24,24,0,0,0,0,,,
guildicon_s,598,guild_icon_24b.png,216,168,24,24,0,0,0,0,,,
guildicon_s,599,guild_icon_24b.png,240,168,24,24,0,0,0,0,,,
guildicon_s,600,guild_icon_24b.png,264,168,24,24,0,0,0,0,,,
guildicon_s,601,guild_icon_24b.png,288,168,24,24,0,0,0,0,,,
guildicon_s,602,guild_icon_24b.png,312,168,24,24,0,0,0,0,,,
guildicon_s,603,guild_icon_24b.png,336,168,24,24,0,0,0,0,,,
guildicon_s,604,guild_icon_24b.png,360,168,24,24,0,0,0,0,,,
guildicon_s,605,guild_icon_24b.png,384,168,24,24,0,0,0,0,,,
guildicon_s,606,guild_icon_24b.png,408,168,24,24,0,0,0,0,,,
guildicon_s,607,guild_icon_24b.png,432,168,24,24,0,0,0,0,,,
guildicon_s,608,guild_icon_24b.png,456,168,24,24,0,0,0,0,,,
guildicon_s,609,guild_icon_24b.png,480,168,24,24,0,0,0,0,,,
guildicon_s,610,guild_icon_24b.png,0,192,24,24,0,0,0,0,,,
guildicon_s,611,guild_icon_24b.png,24,192,24,24,0,0,0,0,,,
guildicon_s,612,guild_icon_24b.png,48,192,24,24,0,0,0,0,,,
guildicon_s,613,guild_icon_24b.png,72,192,24,24,0,0,0,0,,,
guildicon_s,614,guild_icon_24b.png,96,192,24,24,0,0,0,0,,,
guildicon_s,615,guild_icon_24b.png,120,192,24,24,0,0,0,0,,,
guildicon_s,616,guild_icon_24b.png,144,192,24,24,0,0,0,0,,,
guildicon_s,617,guild_icon_24b.png,168,192,24,24,0,0,0,0,,,
guildicon_s,618,guild_icon_24b.png,192,192,24,24,0,0,0,0,,,
guildicon_s,619,guild_icon_24b.png,216,192,24,24,0,0,0,0,,,
guildicon_s,620,guild_icon_24b.png,240,192,24,24,0,0,0,0,,,
guildicon_s,621,guild_icon_24b.png,264,192,24,24,0,0,0,0,,,
guildicon_s,622,guild_icon_24b.png,288,192,24,24,0,0,0,0,,,
guildicon_s,623,guild_icon_24b.png,312,192,24,24,0,0,0,0,,,
guildicon_s,624,guild_icon_24b.png,336,192,24,24,0,0,0,0,,,
guildicon_s,625,guild_icon_24b.png,360,192,24,24,0,0,0,0,,,
guildicon_s,626,guild_icon_24b.png,384,192,24,24,0,0,0,0,,,
guildicon_s,627,guild_icon_24b.png,408,192,24,24,0,0,0,0,,,
,,,,,,,,,,,,,
,,,,,,,,,,,,,
guildicon_s,1000,guild_icon_user_24.png,0,0,24,24,0,0,0,0,,,
guildicon_s,1001,guild_icon_user_24.png,0,48,24,24,0,0,0,0,,,
guildicon_s,1002,guild_icon_user_24.png,0,72,24,24,0,0,0,0,,,
guildicon_s,1003,guild_icon_user_24.png,0,96,24,24,0,0,0,0,,,
guildicon_s,1004,guild_icon_user_24.png,0,24,24,24,0,0,0,0,,,
guildicon_s,1005,guild_icon_user_24.png,0,120,24,24,0,0,0,0,,,
guildicon_s,1006,guild_icon_user_24.png,0,144,24,24,0,0,0,0,,,
guildicon_s,1007,guild_icon_user_24.png,0,168,24,24,0,0,0,0,,,
guildicon_s,1008,guild_icon_user_24.png,0,192,24,24,0,0,0,0,,,
guildicon_s,1009,guild_icon_user_24.png,0,216,24,24,0,0,0,0,,,
,,,,,,,,,,,,,
,,,,,,,,,,,,,
guildicon,1,guild_icon_40a.png,0,0,40,40,0,0,0,0,,,
guildicon,2,guild_icon_40a.png,40,0,40,40,0,0,0,0,,,
guildicon,3,guild_icon_40a.png,80,0,40,40,0,0,0,0,,,
guildicon,4,guild_icon_40a.png,120,0,40,40,0,0,0,0,,,
guildicon,5,guild_icon_40a.png,160,0,40,40,0,0,0,0,,,
guildicon,6,guild_icon_40a.png,200,0,40,40,0,0,0,0,,,
guildicon,7,guild_icon_40a.png,240,0,40,40,0,0,0,0,,,
guildicon,8,guild_icon_40a.png,280,0,40,40,0,0,0,0,,,
guildicon,9,guild_icon_40a.png,320,0,40,40,0,0,0,0,,,
guildicon,10,guild_icon_40a.png,360,0,40,40,0,0,0,0,,,
guildicon,11,guild_icon_40a.png,400,0,40,40,0,0,0,0,,,
guildicon,12,guild_icon_40a.png,440,0,40,40,0,0,0,0,,,
guildicon,13,guild_icon_40a.png,0,40,40,40,0,0,0,0,,,
guildicon,14,guild_icon_40a.png,40,40,40,40,0,0,0,0,,,
guildicon,15,guild_icon_40a.png,80,40,40,40,0,0,0,0,,,
guildicon,16,guild_icon_40a.png,120,40,40,40,0,0,0,0,,,
guildicon,17,guild_icon_40a.png,160,40,40,40,0,0,0,0,,,
guildicon,18,guild_icon_40a.png,200,40,40,40,0,0,0,0,,,
guildicon,19,guild_icon_40a.png,240,40,40,40,0,0,0,0,,,
guildicon,20,guild_icon_40a.png,280,40,40,40,0,0,0,0,,,
guildicon,21,guild_icon_40a.png,320,40,40,40,0,0,0,0,,,
guildicon,22,guild_icon_40a.png,360,40,40,40,0,0,0,0,,,
guildicon,23,guild_icon_40a.png,400,40,40,40,0,0,0,0,,,
guildicon,24,guild_icon_40a.png,440,40,40,40,0,0,0,0,,,
guildicon,25,guild_icon_40a.png,0,80,40,40,0,0,0,0,,,
guildicon,26,guild_icon_40a.png,40,80,40,40,0,0,0,0,,,
guildicon,27,guild_icon_40a.png,80,80,40,40,0,0,0,0,,,
guildicon,28,guild_icon_40a.png,120,80,40,40,0,0,0,0,,,
guildicon,29,guild_icon_40a.png,160,80,40,40,0,0,0,0,,,
guildicon,30,guild_icon_40a.png,200,80,40,40,0,0,0,0,,,
guildicon,31,guild_icon_40a.png,240,80,40,40,0,0,0,0,,,
guildicon,32,guild_icon_40a.png,280,80,40,40,0,0,0,0,,,
guildicon,33,guild_icon_40a.png,320,80,40,40,0,0,0,0,,,
guildicon,34,guild_icon_40a.png,360,80,40,40,0,0,0,0,,,
guildicon,35,guild_icon_40a.png,400,80,40,40,0,0,0,0,,,
guildicon,36,guild_icon_40a.png,440,80,40,40,0,0,0,0,,,
guildicon,37,guild_icon_40a.png,0,120,40,40,0,0,0,0,,,
guildicon,38,guild_icon_40a.png,40,120,40,40,0,0,0,0,,,
guildicon,39,guild_icon_40a.png,80,120,40,40,0,0,0,0,,,
guildicon,40,guild_icon_40a.png,120,120,40,40,0,0,0,0,,,
guildicon,41,guild_icon_40a.png,160,120,40,40,0,0,0,0,,,
guildicon,42,guild_icon_40a.png,200,120,40,40,0,0,0,0,,,
guildicon,43,guild_icon_40a.png,240,120,40,40,0,0,0,0,,,
guildicon,44,guild_icon_40a.png,280,120,40,40,0,0,0,0,,,
guildicon,45,guild_icon_40a.png,320,120,40,40,0,0,0,0,,,
guildicon,46,guild_icon_40a.png,360,120,40,40,0,0,0,0,,,
guildicon,47,guild_icon_40a.png,400,120,40,40,0,0,0,0,,,
guildicon,48,guild_icon_40a.png,440,120,40,40,0,0,0,0,,,
guildicon,49,guild_icon_40a.png,0,160,40,40,0,0,0,0,,,
guildicon,50,guild_icon_40a.png,40,160,40,40,0,0,0,0,,,
guildicon,51,guild_icon_40a.png,80,160,40,40,0,0,0,0,,,
guildicon,52,guild_icon_40a.png,120,160,40,40,0,0,0,0,,,
guildicon,53,guild_icon_40a.png,160,160,40,40,0,0,0,0,,,
guildicon,54,guild_icon_40a.png,200,160,40,40,0,0,0,0,,,
guildicon,55,guild_icon_40a.png,240,160,40,40,0,0,0,0,,,
guildicon,56,guild_icon_40a.png,280,160,40,40,0,0,0,0,,,
guildicon,57,guild_icon_40a.png,320,160,40,40,0,0,0,0,,,
guildicon,58,guild_icon_40a.png,360,160,40,40,0,0,0,0,,,
guildicon,59,guild_icon_40a.png,400,160,40,40,0,0,0,0,,,
guildicon,60,guild_icon_40a.png,440,160,40,40,0,0,0,0,,,
guildicon,61,guild_icon_40a.png,0,200,40,40,0,0,0,0,,,
guildicon,62,guild_icon_40a.png,40,200,40,40,0,0,0,0,,,
guildicon,63,guild_icon_40a.png,80,200,40,40,0,0,0,0,,,
guildicon,64,guild_icon_40a.png,120,200,40,40,0,0,0,0,,,
guildicon,65,guild_icon_40a.png,160,200,40,40,0,0,0,0,,,
guildicon,66,guild_icon_40a.png,200,200,40,40,0,0,0,0,,,
guildicon,67,guild_icon_40a.png,240,200,40,40,0,0,0,0,,,
guildicon,68,guild_icon_40a.png,280,200,40,40,0,0,0,0,,,
guildicon,69,guild_icon_40a.png,320,200,40,40,0,0,0,0,,,
guildicon,70,guild_icon_40a.png,360,200,40,40,0,0,0,0,,,
guildicon,71,guild_icon_40a.png,400,200,40,40,0,0,0,0,,,
guildicon,72,guild_icon_40a.png,440,200,40,40,0,0,0,0,,,
guildicon,73,guild_icon_40a.png,0,240,40,40,0,0,0,0,,,
guildicon,74,guild_icon_40a.png,40,240,40,40,0,0,0,0,,,
guildicon,75,guild_icon_40a.png,80,240,40,40,0,0,0,0,,,
guildicon,76,guild_icon_40a.png,120,240,40,40,0,0,0,0,,,
guildicon,77,guild_icon_40a.png,160,240,40,40,0,0,0,0,,,
guildicon,78,guild_icon_40a.png,200,240,40,40,0,0,0,0,,,
guildicon,79,guild_icon_40a.png,240,240,40,40,0,0,0,0,,,
guildicon,80,guild_icon_40a.png,280,240,40,40,0,0,0,0,,,
guildicon,81,guild_icon_40a.png,320,240,40,40,0,0,0,0,,,
guildicon,82,guild_icon_40a.png,360,240,40,40,0,0,0,0,,,
guildicon,83,guild_icon_40a.png,400,240,40,40,0,0,0,0,,,
guildicon,84,guild_icon_40a.png,440,240,40,40,0,0,0,0,,,
guildicon,85,guild_icon_40a.png,0,280,40,40,0,0,0,0,,,
guildicon,86,guild_icon_40a.png,40,280,40,40,0,0,0,0,,,
guildicon,87,guild_icon_40a.png,80,280,40,40,0,0,0,0,,,
guildicon,88,guild_icon_40a.png,120,280,40,40,0,0,0,0,,,
guildicon,89,guild_icon_40a.png,160,280,40,40,0,0,0,0,,,
guildicon,90,guild_icon_40a.png,200,280,40,40,0,0,0,0,,,
guildicon,91,guild_icon_40a.png,240,280,40,40,0,0,0,0,,,
guildicon,92,guild_icon_40a.png,280,280,40,40,0,0,0,0,,,
guildicon,93,guild_icon_40a.png,320,280,40,40,0,0,0,0,,,
guildicon,94,guild_icon_40a.png,360,280,40,40,0,0,0,0,,,
guildicon,95,guild_icon_40a.png,400,280,40,40,0,0,0,0,,,
guildicon,96,guild_icon_40a.png,440,280,40,40,0,0,0,0,,,
guildicon,97,guild_icon_40a.png,0,320,40,40,0,0,0,0,,,
guildicon,98,guild_icon_40a.png,40,320,40,40,0,0,0,0,,,
guildicon,99,guild_icon_40a.png,80,320,40,40,0,0,0,0,,,
guildicon,100,guild_icon_40a.png,120,320,40,40,0,0,0,0,,,
guildicon,101,guild_icon_40a.png,160,320,40,40,0,0,0,0,,,
guildicon,102,guild_icon_40a.png,200,320,40,40,0,0,0,0,,,
guildicon,103,guild_icon_40a.png,240,320,40,40,0,0,0,0,,,
guildicon,104,guild_icon_40a.png,280,320,40,40,0,0,0,0,,,
guildicon,105,guild_icon_40a.png,320,320,40,40,0,0,0,0,,,
guildicon,106,guild_icon_40a.png,360,320,40,40,0,0,0,0,,,
guildicon,107,guild_icon_40a.png,400,320,40,40,0,0,0,0,,,
guildicon,108,guild_icon_40a.png,440,320,40,40,0,0,0,0,,,
guildicon,109,guild_icon_40a.png,0,360,40,40,0,0,0,0,,,
guildicon,110,guild_icon_40a.png,40,360,40,40,0,0,0,0,,,
guildicon,111,guild_icon_40a.png,80,360,40,40,0,0,0,0,,,
guildicon,112,guild_icon_40a.png,120,360,40,40,0,0,0,0,,,
guildicon,113,guild_icon_40a.png,160,360,40,40,0,0,0,0,,,
guildicon,114,guild_icon_40a.png,200,360,40,40,0,0,0,0,,,
guildicon,115,guild_icon_40a.png,240,360,40,40,0,0,0,0,,,
guildicon,116,guild_icon_40a.png,280,360,40,40,0,0,0,0,,,
guildicon,117,guild_icon_40a.png,320,360,40,40,0,0,0,0,,,
guildicon,118,guild_icon_40a.png,360,360,40,40,0,0,0,0,,,
guildicon,119,guild_icon_40a.png,400,360,40,40,0,0,0,0,,,
guildicon,120,guild_icon_40a.png,440,360,40,40,0,0,0,0,,,
guildicon,121,guild_icon_40a.png,0,400,40,40,0,0,0,0,,,
guildicon,122,guild_icon_40a.png,40,400,40,40,0,0,0,0,,,
guildicon,123,guild_icon_40a.png,80,400,40,40,0,0,0,0,,,
guildicon,124,guild_icon_40a.png,120,400,40,40,0,0,0,0,,,
guildicon,125,guild_icon_40a.png,160,400,40,40,0,0,0,0,,,
guildicon,126,guild_icon_40a.png,200,400,40,40,0,0,0,0,,,
guildicon,127,guild_icon_40a.png,240,400,40,40,0,0,0,0,,,
,,,,,,,,,,,,,
guildicon,128,guild_icon_40a.png,280,400,40,40,0,0,0,0,,,
guildicon,129,guild_icon_40a.png,320,400,40,40,0,0,0,0,,,
guildicon,130,guild_icon_40a.png,360,400,40,40,0,0,0,0,,,
guildicon,131,guild_icon_40a.png,400,400,40,40,0,0,0,0,,,
guildicon,132,guild_icon_40a.png,440,400,40,40,0,0,0,0,,,
guildicon,133,guild_icon_40a.png,0,440,40,40,0,0,0,0,,,
guildicon,134,guild_icon_40a.png,40,440,40,40,0,0,0,0,,,
guildicon,135,guild_icon_40a.png,80,440,40,40,0,0,0,0,,,
guildicon,136,guild_icon_40a.png,120,440,40,40,0,0,0,0,,,
guildicon,137,guild_icon_40a.png,160,440,40,40,0,0,0,0,,,
guildicon,138,guild_icon_40a.png,200,440,40,40,0,0,0,0,,,
guildicon,139,guild_icon_40a.png,240,440,40,40,0,0,0,0,,,
guildicon,140,guild_icon_40a.png,280,440,40,40,0,0,0,0,,,
guildicon,141,guild_icon_40a.png,320,440,40,40,0,0,0,0,,,
guildicon,142,guild_icon_40a.png,360,440,40,40,0,0,0,0,,,
guildicon,143,guild_icon_40a.png,400,440,40,40,0,0,0,0,,,
guildicon,144,guild_icon_40a.png,440,440,40,40,0,0,0,0,,,
guildicon,145,guild_icon_40b.png,0,0,40,40,0,0,0,0,,,
guildicon,146,guild_icon_40b.png,40,0,40,40,0,0,0,0,,,
guildicon,147,guild_icon_40b.png,80,0,40,40,0,0,0,0,,,
guildicon,148,guild_icon_40b.png,120,0,40,40,0,0,0,0,,,
guildicon,149,guild_icon_40b.png,160,0,40,40,0,0,0,0,,,
guildicon,150,guild_icon_40b.png,200,0,40,40,0,0,0,0,,,
guildicon,151,guild_icon_40b.png,240,0,40,40,0,0,0,0,,,
guildicon,152,guild_icon_40b.png,280,0,40,40,0,0,0,0,,,
guildicon,153,guild_icon_40b.png,320,0,40,40,0,0,0,0,,,
guildicon,154,guild_icon_40b.png,360,0,40,40,0,0,0,0,,,
guildicon,155,guild_icon_40b.png,400,0,40,40,0,0,0,0,,,
guildicon,156,guild_icon_40b.png,440,0,40,40,0,0,0,0,,,
guildicon,157,guild_icon_40b.png,0,40,40,40,0,0,0,0,,,
guildicon,158,guild_icon_40b.png,40,40,40,40,0,0,0,0,,,
,,,,,,,,,,,,,
guildicon,159,guild_icon_40b.png,80,40,40,40,0,0,0,0,,,
guildicon,160,guild_icon_40b.png,120,40,40,40,0,0,0,0,,,
guildicon,161,guild_icon_40b.png,160,40,40,40,0,0,0,0,,,
guildicon,162,guild_icon_40b.png,200,40,40,40,0,0,0,0,,,
guildicon,163,guild_icon_40b.png,240,40,40,40,0,0,0,0,,,
guildicon,164,guild_icon_40b.png,280,40,40,40,0,0,0,0,,,
guildicon,165,guild_icon_40b.png,320,40,40,40,0,0,0,0,,,
guildicon,166,guild_icon_40b.png,360,40,40,40,0,0,0,0,,,
guildicon,167,guild_icon_40b.png,400,40,40,40,0,0,0,0,,,
guildicon,168,guild_icon_40b.png,440,40,40,40,0,0,0,0,,,
guildicon,169,guild_icon_40b.png,0,80,40,40,0,0,0,0,,,
guildicon,170,guild_icon_40b.png,40,80,40,40,0,0,0,0,,,
guildicon,171,guild_icon_40b.png,80,80,40,40,0,0,0,0,,,
,,,,,,,,,,,,,
guildicon,172,guild_icon_40b.png,120,80,40,40,0,0,0,0,,,
guildicon,173,guild_icon_40b.png,160,80,40,40,0,0,0,0,,,
guildicon,174,guild_icon_40b.png,200,80,40,40,0,0,0,0,,,
guildicon,175,guild_icon_40b.png,240,80,40,40,0,0,0,0,,,
guildicon,176,guild_icon_40b.png,280,80,40,40,0,0,0,0,,,
guildicon,177,guild_icon_40b.png,320,80,40,40,0,0,0,0,,,
guildicon,178,guild_icon_40b.png,360,80,40,40,0,0,0,0,,,
guildicon,179,guild_icon_40b.png,400,80,40,40,0,0,0,0,,,
guildicon,180,guild_icon_40b.png,440,80,40,40,0,0,0,0,,,
guildicon,181,guild_icon_40b.png,0,120,40,40,0,0,0,0,,,
guildicon,182,guild_icon_40b.png,40,120,40,40,0,0,0,0,,,
guildicon,183,guild_icon_40b.png,80,120,40,40,0,0,0,0,,,
guildicon,184,guild_icon_40b.png,120,120,40,40,0,0,0,0,,,
guildicon,185,guild_icon_40b.png,160,120,40,40,0,0,0,0,,,
guildicon,186,guild_icon_40b.png,200,120,40,40,0,0,0,0,,,
guildicon,187,guild_icon_40b.png,240,120,40,40,0,0,0,0,,,
guildicon,188,guild_icon_40b.png,280,120,40,40,0,0,0,0,,,
guildicon,189,guild_icon_40b.png,320,120,40,40,0,0,0,0,,,
guildicon,190,guild_icon_40b.png,360,120,40,40,0,0,0,0,,,
guildicon,191,guild_icon_40b.png,400,120,40,40,0,0,0,0,,,
guildicon,192,guild_icon_40b.png,440,120,40,40,0,0,0,0,,,
guildicon,193,guild_icon_40b.png,0,160,40,40,0,0,0,0,,,
guildicon,194,guild_icon_40b.png,40,160,40,40,0,0,0,0,,,
guildicon,195,guild_icon_40b.png,80,160,40,40,0,0,0,0,,,
guildicon,196,guild_icon_40b.png,120,160,40,40,0,0,0,0,,,
guildicon,197,guild_icon_40b.png,160,160,40,40,0,0,0,0,,,
guildicon,198,guild_icon_40b.png,200,160,40,40,0,0,0,0,,,
guildicon,199,guild_icon_40b.png,240,160,40,40,0,0,0,0,,,
guildicon,200,guild_icon_40b.png,280,160,40,40,0,0,0,0,,,
guildicon,201,guild_icon_40b.png,320,160,40,40,0,0,0,0,,,
guildicon,202,guild_icon_40b.png,360,160,40,40,0,0,0,0,,,
guildicon,203,guild_icon_40b.png,400,160,40,40,0,0,0,0,,,
guildicon,204,guild_icon_40b.png,440,160,40,40,0,0,0,0,,,
guildicon,205,guild_icon_40b.png,0,200,40,40,0,0,0,0,,,
guildicon,206,guild_icon_40b.png,40,200,40,40,0,0,0,0,,,
guildicon,207,guild_icon_40b.png,80,200,40,40,0,0,0,0,,,
guildicon,208,guild_icon_40b.png,120,200,40,40,0,0,0,0,,,
guildicon,209,guild_icon_40b.png,160,200,40,40,0,0,0,0,,,
guildicon,210,guild_icon_40b.png,200,200,40,40,0,0,0,0,,,
guildicon,211,guild_icon_40b.png,240,200,40,40,0,0,0,0,,,
guildicon,212,guild_icon_40b.png,280,200,40,40,0,0,0,0,,,
guildicon,213,guild_icon_40b.png,320,200,40,40,0,0,0,0,,,
guildicon,214,guild_icon_40b.png,360,200,40,40,0,0,0,0,,,
guildicon,215,guild_icon_40b.png,400,200,40,40,0,0,0,0,,,
guildicon,216,guild_icon_40b.png,440,200,40,40,0,0,0,0,,,
guildicon,217,guild_icon_40b.png,0,240,40,40,0,0,0,0,,,
guildicon,218,guild_icon_40b.png,40,240,40,40,0,0,0,0,,,
guildicon,219,guild_icon_40b.png,80,240,40,40,0,0,0,0,,,
guildicon,220,guild_icon_40b.png,120,240,40,40,0,0,0,0,,,
guildicon,221,guild_icon_40b.png,160,240,40,40,0,0,0,0,,,
guildicon,222,guild_icon_40b.png,200,240,40,40,0,0,0,0,,,
guildicon,223,guild_icon_40b.png,240,240,40,40,0,0,0,0,,,
guildicon,224,guild_icon_40b.png,280,240,40,40,0,0,0,0,,,
guildicon,225,guild_icon_40b.png,320,240,40,40,0,0,0,0,,,
guildicon,226,guild_icon_40b.png,360,240,40,40,0,0,0,0,,,
guildicon,227,guild_icon_40b.png,400,240,40,40,0,0,0,0,,,
guildicon,228,guild_icon_40b.png,440,240,40,40,0,0,0,0,,,
guildicon,229,guild_icon_40b.png,0,280,40,40,0,0,0,0,,,
guildicon,230,guild_icon_40b.png,40,280,40,40,0,0,0,0,,,
guildicon,231,guild_icon_40b.png,80,280,40,40,0,0,0,0,,,
guildicon,232,guild_icon_40b.png,120,280,40,40,0,0,0,0,,,
guildicon,233,guild_icon_40b.png,160,280,40,40,0,0,0,0,,,
guildicon,234,guild_icon_40b.png,200,280,40,40,0,0,0,0,,,
guildicon,235,guild_icon_40b.png,240,280,40,40,0,0,0,0,,,
guildicon,236,guild_icon_40b.png,280,280,40,40,0,0,0,0,,,
guildicon,237,guild_icon_40b.png,320,280,40,40,0,0,0,0,,,
guildicon,238,guild_icon_40b.png,360,280,40,40,0,0,0,0,,,
guildicon,239,guild_icon_40b.png,400,280,40,40,0,0,0,0,,,
,,,,,,,,,,,,,
guildicon,240,guild_icon_40b.png,440,280,40,40,0,0,0,0,,,
guildicon,241,guild_icon_40b.png,0,320,40,40,0,0,0,0,,,
guildicon,242,guild_icon_40b.png,40,320,40,40,0,0,0,0,,,
guildicon,243,guild_icon_40b.png,80,320,40,40,0,0,0,0,,,
guildicon,244,guild_icon_40b.png,120,320,40,40,0,0,0,0,,,
guildicon,245,guild_icon_40b.png,160,320,40,40,0,0,0,0,,,
guildicon,246,guild_icon_40b.png,200,320,40,40,0,0,0,0,,,
guildicon,247,guild_icon_40b.png,240,320,40,40,0,0,0,0,,,
guildicon,248,guild_icon_40b.png,280,320,40,40,0,0,0,0,,,
guildicon,249,guild_icon_40b.png,320,320,40,40,0,0,0,0,,,
guildicon,250,guild_icon_40b.png,360,320,40,40,0,0,0,0,,,
guildicon,251,guild_icon_40b.png,400,320,40,40,0,0,0,0,,,
guildicon,252,guild_icon_40b.png,440,320,40,40,0,0,0,0,,,
guildicon,253,guild_icon_40b.png,0,360,40,40,0,0,0,0,,,
guildicon,254,guild_icon_40b.png,40,360,40,40,0,0,0,0,,,
guildicon,255,guild_icon_40b.png,80,360,40,40,0,0,0,0,,,
guildicon,256,guild_icon_40b.png,120,360,40,40,0,0,0,0,,,
guildicon,257,guild_icon_40b.png,160,360,40,40,0,0,0,0,,,
guildicon,258,guild_icon_40b.png,200,360,40,40,0,0,0,0,,,
guildicon,259,guild_icon_40b.png,240,360,40,40,0,0,0,0,,,
guildicon,260,guild_icon_40b.png,280,360,40,40,0,0,0,0,,,
guildicon,261,guild_icon_40b.png,320,360,40,40,0,0,0,0,,,
guildicon,262,guild_icon_40b.png,360,360,40,40,0,0,0,0,,,
guildicon,263,guild_icon_40b.png,400,360,40,40,0,0,0,0,,,
guildicon,264,guild_icon_40b.png,440,360,40,40,0,0,0,0,,,
guildicon,265,guild_icon_40b.png,0,400,40,40,0,0,0,0,,,
guildicon,266,guild_icon_40b.png,40,400,40,40,0,0,0,0,,,
guildicon,267,guild_icon_40b.png,80,400,40,40,0,0,0,0,,,
guildicon,268,guild_icon_40b.png,120,400,40,40,0,0,0,0,,,
guildicon,269,guild_icon_40b.png,160,400,40,40,0,0,0,0,,,
guildicon,270,guild_icon_40b.png,200,400,40,40,0,0,0,0,,,
guildicon,271,guild_icon_40b.png,240,400,40,40,0,0,0,0,,,
guildicon,272,guild_icon_40b.png,280,400,40,40,0,0,0,0,,,
guildicon,273,guild_icon_40b.png,320,400,40,40,0,0,0,0,,,
guildicon,274,guild_icon_40b.png,360,400,40,40,0,0,0,0,,,
guildicon,275,guild_icon_40b.png,400,400,40,40,0,0,0,0,,,
guildicon,276,guild_icon_40b.png,440,400,40,40,0,0,0,0,,,
guildicon,277,guild_icon_40b.png,0,440,40,40,0,0,0,0,,,
,,,,,,,,,,,,,
guildicon,278,guild_icon_40b.png,40,440,40,40,0,0,0,0,,,
guildicon,279,guild_icon_40b.png,80,440,40,40,0,0,0,0,,,
guildicon,280,guild_icon_40b.png,120,440,40,40,0,0,0,0,,,
guildicon,281,guild_icon_40b.png,160,440,40,40,0,0,0,0,,,
guildicon,282,guild_icon_40b.png,200,440,40,40,0,0,0,0,,,
guildicon,283,guild_icon_40b.png,240,440,40,40,0,0,0,0,,,
guildicon,284,guild_icon_40b.png,280,440,40,40,0,0,0,0,,,
guildicon,285,guild_icon_40b.png,320,440,40,40,0,0,0,0,,,
guildicon,286,guild_icon_40b.png,360,440,40,40,0,0,0,0,,,
guildicon,287,guild_icon_40b.png,400,440,40,40,0,0,0,0,,,
guildicon,288,guild_icon_40b.png,440,440,40,40,0,0,0,0,,,
guildicon,289,guild_icon_40c.png,0,0,40,40,0,0,0,0,,,
guildicon,290,guild_icon_40c.png,40,0,40,40,0,0,0,0,,,
guildicon,291,guild_icon_40c.png,80,0,40,40,0,0,0,0,,,
guildicon,292,guild_icon_40c.png,120,0,40,40,0,0,0,0,,,
guildicon,293,guild_icon_40c.png,160,0,40,40,0,0,0,0,,,
guildicon,294,guild_icon_40c.png,200,0,40,40,0,0,0,0,,,
guildicon,295,guild_icon_40c.png,240,0,40,40,0,0,0,0,,,
guildicon,296,guild_icon_40c.png,280,0,40,40,0,0,0,0,,,
guildicon,297,guild_icon_40c.png,320,0,40,40,0,0,0,0,,,
guildicon,298,guild_icon_40c.png,360,0,40,40,0,0,0,0,,,
guildicon,299,guild_icon_40c.png,400,0,40,40,0,0,0,0,,,
guildicon,300,guild_icon_40c.png,440,0,40,40,0,0,0,0,,,
guildicon,301,guild_icon_40c.png,0,40,40,40,0,0,0,0,,,
guildicon,302,guild_icon_40c.png,40,40,40,40,0,0,0,0,,,
guildicon,303,guild_icon_40c.png,80,40,40,40,0,0,0,0,,,
guildicon,304,guild_icon_40c.png,120,40,40,40,0,0,0,0,,,
guildicon,305,guild_icon_40c.png,160,40,40,40,0,0,0,0,,,
guildicon,306,guild_icon_40c.png,200,40,40,40,0,0,0,0,,,
guildicon,307,guild_icon_40c.png,240,40,40,40,0,0,0,0,,,
guildicon,308,guild_icon_40c.png,280,40,40,40,0,0,0,0,,,
guildicon,309,guild_icon_40c.png,320,40,40,40,0,0,0,0,,,
guildicon,310,guild_icon_40c.png,360,40,40,40,0,0,0,0,,,
guildicon,311,guild_icon_40c.png,400,40,40,40,0,0,0,0,,,
guildicon,312,guild_icon_40c.png,440,40,40,40,0,0,0,0,,,
guildicon,313,guild_icon_40c.png,0,80,40,40,0,0,0,0,,,
guildicon,314,guild_icon_40c.png,40,80,40,40,0,0,0,0,,,
guildicon,315,guild_icon_40c.png,80,80,40,40,0,0,0,0,,,
guildicon,316,guild_icon_40c.png,120,80,40,40,0,0,0,0,,,
guildicon,317,guild_icon_40c.png,160,80,40,40,0,0,0,0,,,
guildicon,318,guild_icon_40c.png,200,80,40,40,0,0,0,0,,,
guildicon,319,guild_icon_40c.png,240,80,40,40,0,0,0,0,,,
guildicon,320,guild_icon_40c.png,280,80,40,40,0,0,0,0,,,
guildicon,321,guild_icon_40c.png,320,80,40,40,0,0,0,0,,,
guildicon,322,guild_icon_40c.png,360,80,40,40,0,0,0,0,,,
guildicon,323,guild_icon_40c.png,400,80,40,40,0,0,0,0,,,
guildicon,324,guild_icon_40c.png,440,80,40,40,0,0,0,0,,,
guildicon,325,guild_icon_40c.png,0,120,40,40,0,0,0,0,,,
guildicon,326,guild_icon_40c.png,40,120,40,40,0,0,0,0,,,
guildicon,327,guild_icon_40c.png,80,120,40,40,0,0,0,0,,,
guildicon,328,guild_icon_40c.png,120,120,40,40,0,0,0,0,,,
guildicon,329,guild_icon_40c.png,160,120,40,40,0,0,0,0,,,
,,,,,,,,,,,,,
guildicon,330,guild_icon_40c.png,200,120,40,40,0,0,0,0,,,
guildicon,331,guild_icon_40c.png,240,120,40,40,0,0,0,0,,,
guildicon,332,guild_icon_40c.png,280,120,40,40,0,0,0,0,,,
guildicon,333,guild_icon_40c.png,320,120,40,40,0,0,0,0,,,
guildicon,334,guild_icon_40c.png,360,120,40,40,0,0,0,0,,,
guildicon,335,guild_icon_40c.png,400,120,40,40,0,0,0,0,,,
guildicon,336,guild_icon_40c.png,440,120,40,40,0,0,0,0,,,
guildicon,337,guild_icon_40c.png,0,160,40,40,0,0,0,0,,,
guildicon,338,guild_icon_40c.png,40,160,40,40,0,0,0,0,,,
guildicon,339,guild_icon_40c.png,80,160,40,40,0,0,0,0,,,
guildicon,340,guild_icon_40c.png,120,160,40,40,0,0,0,0,,,
guildicon,341,guild_icon_40c.png,160,160,40,40,0,0,0,0,,,
guildicon,342,guild_icon_40c.png,200,160,40,40,0,0,0,0,,,
guildicon,343,guild_icon_40c.png,240,160,40,40,0,0,0,0,,,
guildicon,344,guild_icon_40c.png,280,160,40,40,0,0,0,0,,,
guildicon,345,guild_icon_40c.png,320,160,40,40,0,0,0,0,,,
guildicon,346,guild_icon_40c.png,360,160,40,40,0,0,0,0,,,
guildicon,347,guild_icon_40c.png,400,160,40,40,0,0,0,0,,,
guildicon,348,guild_icon_40c.png,440,160,40,40,0,0,0,0,,,
guildicon,349,guild_icon_40c.png,0,200,40,40,0,0,0,0,,,
guildicon,350,guild_icon_40c.png,40,200,40,40,0,0,0,0,,,
guildicon,351,guild_icon_40c.png,80,200,40,40,0,0,0,0,,,
guildicon,352,guild_icon_40c.png,120,200,40,40,0,0,0,0,,,
guildicon,353,guild_icon_40c.png,160,200,40,40,0,0,0,0,,,
guildicon,354,guild_icon_40c.png,200,200,40,40,0,0,0,0,,,
guildicon,355,guild_icon_40c.png,240,200,40,40,0,0,0,0,,,
guildicon,356,guild_icon_40c.png,280,200,40,40,0,0,0,0,,,
guildicon,357,guild_icon_40c.png,320,200,40,40,0,0,0,0,,,
guildicon,358,guild_icon_40c.png,360,200,40,40,0,0,0,0,,,
guildicon,359,guild_icon_40c.png,400,200,40,40,0,0,0,0,,,
guildicon,360,guild_icon_40c.png,440,200,40,40,0,0,0,0,,,
guildicon,361,guild_icon_40c.png,0,240,40,40,0,0,0,0,,,
guildicon,362,guild_icon_40c.png,40,240,40,40,0,0,0,0,,,
guildicon,363,guild_icon_40c.png,80,240,40,40,0,0,0,0,,,
guildicon,364,guild_icon_40c.png,120,240,40,40,0,0,0,0,,,
guildicon,365,guild_icon_40c.png,160,240,40,40,0,0,0,0,,,
guildicon,366,guild_icon_40c.png,200,240,40,40,0,0,0,0,,,
guildicon,367,guild_icon_40c.png,240,240,40,40,0,0,0,0,,,
guildicon,368,guild_icon_40c.png,280,240,40,40,0,0,0,0,,,
guildicon,369,guild_icon_40c.png,320,240,40,40,0,0,0,0,,,
guildicon,370,guild_icon_40c.png,360,240,40,40,0,0,0,0,,,
guildicon,371,guild_icon_40c.png,400,240,40,40,0,0,0,0,,,
guildicon,372,guild_icon_40c.png,440,240,40,40,0,0,0,0,,,
guildicon,373,guild_icon_40c.png,0,280,40,40,0,0,0,0,,,
guildicon,374,guild_icon_40c.png,40,280,40,40,0,0,0,0,,,
guildicon,375,guild_icon_40c.png,80,280,40,40,0,0,0,0,,,
guildicon,376,guild_icon_40c.png,120,280,40,40,0,0,0,0,,,
guildicon,377,guild_icon_40c.png,160,280,40,40,0,0,0,0,,,
guildicon,378,guild_icon_40c.png,200,280,40,40,0,0,0,0,,,
guildicon,379,guild_icon_40c.png,240,280,40,40,0,0,0,0,,,
guildicon,380,guild_icon_40c.png,280,280,40,40,0,0,0,0,,,
guildicon,381,guild_icon_40c.png,320,280,40,40,0,0,0,0,,,
guildicon,382,guild_icon_40c.png,360,280,40,40,0,0,0,0,,,
guildicon,383,guild_icon_40c.png,400,280,40,40,0,0,0,0,,,
guildicon,384,guild_icon_40c.png,440,280,40,40,0,0,0,0,,,
guildicon,385,guild_icon_40c.png,0,320,40,40,0,0,0,0,,,
guildicon,386,guild_icon_40c.png,40,320,40,40,0,0,0,0,,,
guildicon,387,guild_icon_40c.png,80,320,40,40,0,0,0,0,,,
guildicon,388,guild_icon_40c.png,120,320,40,40,0,0,0,0,,,
guildicon,389,guild_icon_40c.png,160,320,40,40,0,0,0,0,,,
guildicon,390,guild_icon_40c.png,200,320,40,40,0,0,0,0,,,
guildicon,391,guild_icon_40c.png,240,320,40,40,0,0,0,0,,,
guildicon,392,guild_icon_40c.png,280,320,40,40,0,0,0,0,,,
guildicon,393,guild_icon_40c.png,320,320,40,40,0,0,0,0,,,
guildicon,394,guild_icon_40c.png,360,320,40,40,0,0,0,0,,,
guildicon,395,guild_icon_40c.png,400,320,40,40,0,0,0,0,,,
guildicon,396,guild_icon_40c.png,440,320,40,40,0,0,0,0,,,
guildicon,397,guild_icon_40c.png,0,360,40,40,0,0,0,0,,,
guildicon,398,guild_icon_40c.png,40,360,40,40,0,0,0,0,,,
guildicon,399,guild_icon_40c.png,80,360,40,40,0,0,0,0,,,
guildicon,400,guild_icon_40c.png,120,360,40,40,0,0,0,0,,,
guildicon,401,guild_icon_40c.png,160,360,40,40,0,0,0,0,,,
guildicon,402,guild_icon_40c.png,200,360,40,40,0,0,0,0,,,
guildicon,403,guild_icon_40c.png,240,360,40,40,0,0,0,0,,,
guildicon,404,guild_icon_40c.png,280,360,40,40,0,0,0,0,,,
guildicon,405,guild_icon_40c.png,320,360,40,40,0,0,0,0,,,
guildicon,406,guild_icon_40c.png,360,360,40,40,0,0,0,0,,,
guildicon,407,guild_icon_40c.png,400,360,40,40,0,0,0,0,,,
guildicon,408,guild_icon_40c.png,440,360,40,40,0,0,0,0,,,
guildicon,409,guild_icon_40c.png,0,400,40,40,0,0,0,0,,,
guildicon,410,guild_icon_40c.png,40,400,40,40,0,0,0,0,,,
guildicon,411,guild_icon_40c.png,80,400,40,40,0,0,0,0,,,
guildicon,412,guild_icon_40c.png,120,400,40,40,0,0,0,0,,,
guildicon,413,guild_icon_40c.png,160,400,40,40,0,0,0,0,,,
guildicon,414,guild_icon_40c.png,200,400,40,40,0,0,0,0,,,
guildicon,415,guild_icon_40c.png,240,400,40,40,0,0,0,0,,,
guildicon,416,guild_icon_40c.png,280,400,40,40,0,0,0,0,,,
guildicon,417,guild_icon_40c.png,320,400,40,40,0,0,0,0,,,
guildicon,418,guild_icon_40c.png,360,400,40,40,0,0,0,0,,,
guildicon,419,guild_icon_40c.png,400,400,40,40,0,0,0,0,,,
guildicon,420,guild_icon_40c.png,440,400,40,40,0,0,0,0,,,
guildicon,421,guild_icon_40c.png,0,440,40,40,0,0,0,0,,,
guildicon,422,guild_icon_40c.png,40,440,40,40,0,0,0,0,,,
guildicon,423,guild_icon_40c.png,80,440,40,40,0,0,0,0,,,
guildicon,424,guild_icon_40c.png,120,440,40,40,0,0,0,0,,,
guildicon,425,guild_icon_40c.png,160,440,40,40,0,0,0,0,,,
guildicon,426,guild_icon_40c.png,200,440,40,40,0,0,0,0,,,
guildicon,427,guild_icon_40c.png,240,440,40,40,0,0,0,0,,,
guildicon,428,guild_icon_40c.png,280,440,40,40,0,0,0,0,,,
guildicon,429,guild_icon_40c.png,320,440,40,40,0,0,0,0,,,
guildicon,430,guild_icon_40c.png,360,440,40,40,0,0,0,0,,,
guildicon,431,guild_icon_40c.png,400,440,40,40,0,0,0,0,,,
guildicon,432,guild_icon_40c.png,440,440,40,40,0,0,0,0,,,
guildicon,433,guild_icon_40d.png,0,0,40,40,0,0,0,0,,,
guildicon,434,guild_icon_40d.png,40,0,40,40,0,0,0,0,,,
guildicon,435,guild_icon_40d.png,80,0,40,40,0,0,0,0,,,
guildicon,436,guild_icon_40d.png,120,0,40,40,0,0,0,0,,,
guildicon,437,guild_icon_40d.png,160,0,40,40,0,0,0,0,,,
guildicon,438,guild_icon_40d.png,200,0,40,40,0,0,0,0,,,
guildicon,439,guild_icon_40d.png,240,0,40,40,0,0,0,0,,,
guildicon,440,guild_icon_40d.png,280,0,40,40,0,0,0,0,,,
guildicon,441,guild_icon_40d.png,320,0,40,40,0,0,0,0,,,
guildicon,442,guild_icon_40d.png,360,0,40,40,0,0,0,0,,,
guildicon,443,guild_icon_40d.png,400,0,40,40,0,0,0,0,,,
guildicon,444,guild_icon_40d.png,440,0,40,40,0,0,0,0,,,
guildicon,445,guild_icon_40d.png,0,40,40,40,0,0,0,0,,,
guildicon,446,guild_icon_40d.png,40,40,40,40,0,0,0,0,,,
guildicon,447,guild_icon_40d.png,80,40,40,40,0,0,0,0,,,
guildicon,448,guild_icon_40d.png,120,40,40,40,0,0,0,0,,,
guildicon,449,guild_icon_40d.png,160,40,40,40,0,0,0,0,,,
guildicon,450,guild_icon_40d.png,200,40,40,40,0,0,0,0,,,
guildicon,451,guild_icon_40d.png,240,40,40,40,0,0,0,0,,,
guildicon,452,guild_icon_40d.png,280,40,40,40,0,0,0,0,,,
guildicon,453,guild_icon_40d.png,320,40,40,40,0,0,0,0,,,
guildicon,454,guild_icon_40d.png,360,40,40,40,0,0,0,0,,,
guildicon,455,guild_icon_40d.png,400,40,40,40,0,0,0,0,,,
guildicon,456,guild_icon_40d.png,440,40,40,40,0,0,0,0,,,
guildicon,457,guild_icon_40d.png,0,80,40,40,0,0,0,0,,,
guildicon,458,guild_icon_40d.png,40,80,40,40,0,0,0,0,,,
guildicon,459,guild_icon_40d.png,80,80,40,40,0,0,0,0,,,
guildicon,460,guild_icon_40d.png,120,80,40,40,0,0,0,0,,,
guildicon,461,guild_icon_40d.png,160,80,40,40,0,0,0,0,,,
guildicon,462,guild_icon_40d.png,200,80,40,40,0,0,0,0,,,
guildicon,463,guild_icon_40d.png,240,80,40,40,0,0,0,0,,,
guildicon,464,guild_icon_40d.png,280,80,40,40,0,0,0,0,,,
guildicon,465,guild_icon_40d.png,320,80,40,40,0,0,0,0,,,
guildicon,466,guild_icon_40d.png,360,80,40,40,0,0,0,0,,,
guildicon,467,guild_icon_40d.png,400,80,40,40,0,0,0,0,,,
guildicon,468,guild_icon_40d.png,440,80,40,40,0,0,0,0,,,
guildicon,469,guild_icon_40d.png,0,120,40,40,0,0,0,0,,,
guildicon,470,guild_icon_40d.png,40,120,40,40,0,0,0,0,,,
guildicon,471,guild_icon_40d.png,80,120,40,40,0,0,0,0,,,
guildicon,472,guild_icon_40d.png,120,120,40,40,0,0,0,0,,,
guildicon,473,guild_icon_40d.png,160,120,40,40,0,0,0,0,,,
guildicon,474,guild_icon_40d.png,200,120,40,40,0,0,0,0,,,
guildicon,475,guild_icon_40d.png,240,120,40,40,0,0,0,0,,,
guildicon,476,guild_icon_40d.png,280,120,40,40,0,0,0,0,,,
guildicon,477,guild_icon_40d.png,320,120,40,40,0,0,0,0,,,
guildicon,478,guild_icon_40d.png,360,120,40,40,0,0,0,0,,,
guildicon,479,guild_icon_40d.png,400,120,40,40,0,0,0,0,,,
guildicon,480,guild_icon_40d.png,440,120,40,40,0,0,0,0,,,
guildicon,481,guild_icon_40d.png,0,160,40,40,0,0,0,0,,,
guildicon,482,guild_icon_40d.png,40,160,40,40,0,0,0,0,,,
guildicon,483,guild_icon_40d.png,80,160,40,40,0,0,0,0,,,
guildicon,484,guild_icon_40d.png,120,160,40,40,0,0,0,0,,,
guildicon,485,guild_icon_40d.png,160,160,40,40,0,0,0,0,,,
guildicon,486,guild_icon_40d.png,200,160,40,40,0,0,0,0,,,
guildicon,487,guild_icon_40d.png,240,160,40,40,0,0,0,0,,,
guildicon,488,guild_icon_40d.png,280,160,40,40,0,0,0,0,,,
guildicon,489,guild_icon_40d.png,320,160,40,40,0,0,0,0,,,
guildicon,490,guild_icon_40d.png,360,160,40,40,0,0,0,0,,,
guildicon,491,guild_icon_40d.png,400,160,40,40,0,0,0,0,,,
guildicon,492,guild_icon_40d.png,440,160,40,40,0,0,0,0,,,
guildicon,493,guild_icon_40d.png,0,200,40,40,0,0,0,0,,,
guildicon,494,guild_icon_40d.png,40,200,40,40,0,0,0,0,,,
guildicon,495,guild_icon_40d.png,80,200,40,40,0,0,0,0,,,
guildicon,496,guild_icon_40d.png,120,200,40,40,0,0,0,0,,,
guildicon,497,guild_icon_40d.png,160,200,40,40,0,0,0,0,,,
guildicon,498,guild_icon_40d.png,200,200,40,40,0,0,0,0,,,
guildicon,499,guild_icon_40d.png,240,200,40,40,0,0,0,0,,,
guildicon,500,guild_icon_40d.png,280,200,40,40,0,0,0,0,,,
guildicon,501,guild_icon_40d.png,320,200,40,40,0,0,0,0,,,
guildicon,502,guild_icon_40d.png,360,200,40,40,0,0,0,0,,,
guildicon,503,guild_icon_40d.png,400,200,40,40,0,0,0,0,,,
guildicon,504,guild_icon_40d.png,440,200,40,40,0,0,0,0,,,
guildicon,505,guild_icon_40d.png,0,240,40,40,0,0,0,0,,,
guildicon,506,guild_icon_40d.png,40,240,40,40,0,0,0,0,,,
guildicon,507,guild_icon_40d.png,80,240,40,40,0,0,0,0,,,
guildicon,508,guild_icon_40d.png,120,240,40,40,0,0,0,0,,,
guildicon,509,guild_icon_40d.png,160,240,40,40,0,0,0,0,,,
guildicon,510,guild_icon_40d.png,200,240,40,40,0,0,0,0,,,
guildicon,511,guild_icon_40d.png,240,240,40,40,0,0,0,0,,,
guildicon,512,guild_icon_40d.png,280,240,40,40,0,0,0,0,,,
guildicon,513,guild_icon_40d.png,320,240,40,40,0,0,0,0,,,
guildicon,514,guild_icon_40d.png,360,240,40,40,0,0,0,0,,,
guildicon,515,guild_icon_40d.png,400,240,40,40,0,0,0,0,,,
guildicon,516,guild_icon_40d.png,440,240,40,40,0,0,0,0,,,
guildicon,517,guild_icon_40d.png,0,280,40,40,0,0,0,0,,,
guildicon,518,guild_icon_40d.png,40,280,40,40,0,0,0,0,,,
guildicon,519,guild_icon_40d.png,80,280,40,40,0,0,0,0,,,
guildicon,520,guild_icon_40d.png,120,280,40,40,0,0,0,0,,,
guildicon,521,guild_icon_40d.png,160,280,40,40,0,0,0,0,,,
guildicon,522,guild_icon_40d.png,200,280,40,40,0,0,0,0,,,
guildicon,523,guild_icon_40d.png,240,280,40,40,0,0,0,0,,,
guildicon,524,guild_icon_40d.png,280,280,40,40,0,0,0,0,,,
guildicon,525,guild_icon_40d.png,320,280,40,40,0,0,0,0,,,
guildicon,526,guild_icon_40d.png,360,280,40,40,0,0,0,0,,,
guildicon,527,guild_icon_40d.png,400,280,40,40,0,0,0,0,,,
guildicon,528,guild_icon_40d.png,440,280,40,40,0,0,0,0,,,
guildicon,529,guild_icon_40d.png,0,320,40,40,0,0,0,0,,,
guildicon,530,guild_icon_40d.png,40,320,40,40,0,0,0,0,,,
guildicon,531,guild_icon_40d.png,80,320,40,40,0,0,0,0,,,
guildicon,532,guild_icon_40d.png,120,320,40,40,0,0,0,0,,,
guildicon,533,guild_icon_40d.png,160,320,40,40,0,0,0,0,,,
guildicon,534,guild_icon_40d.png,200,320,40,40,0,0,0,0,,,
guildicon,535,guild_icon_40d.png,240,320,40,40,0,0,0,0,,,
guildicon,536,guild_icon_40d.png,280,320,40,40,0,0,0,0,,,
guildicon,537,guild_icon_40d.png,320,320,40,40,0,0,0,0,,,
guildicon,538,guild_icon_40d.png,360,320,40,40,0,0,0,0,,,
guildicon,539,guild_icon_40d.png,400,320,40,40,0,0,0,0,,,
guildicon,540,guild_icon_40d.png,440,320,40,40,0,0,0,0,,,
guildicon,541,guild_icon_40d.png,0,360,40,40,0,0,0,0,,,
guildicon,542,guild_icon_40d.png,40,360,40,40,0,0,0,0,,,
guildicon,543,guild_icon_40d.png,80,360,40,40,0,0,0,0,,,
guildicon,544,guild_icon_40d.png,120,360,40,40,0,0,0,0,,,
guildicon,545,guild_icon_40d.png,160,360,40,40,0,0,0,0,,,
guildicon,546,guild_icon_40d.png,200,360,40,40,0,0,0,0,,,
guildicon,547,guild_icon_40d.png,240,360,40,40,0,0,0,0,,,
guildicon,548,guild_icon_40d.png,280,360,40,40,0,0,0,0,,,
guildicon,549,guild_icon_40d.png,320,360,40,40,0,0,0,0,,,
guildicon,550,guild_icon_40d.png,360,360,40,40,0,0,0,0,,,
guildicon,551,guild_icon_40d.png,400,360,40,40,0,0,0,0,,,
guildicon,552,guild_icon_40d.png,440,360,40,40,0,0,0,0,,,
guildicon,553,guild_icon_40d.png,0,400,40,40,0,0,0,0,,,
guildicon,554,guild_icon_40d.png,40,400,40,40,0,0,0,0,,,
guildicon,555,guild_icon_40d.png,80,400,40,40,0,0,0,0,,,
guildicon,556,guild_icon_40d.png,120,400,40,40,0,0,0,0,,,
guildicon,557,guild_icon_40d.png,160,400,40,40,0,0,0,0,,,
guildicon,558,guild_icon_40d.png,200,400,40,40,0,0,0,0,,,
guildicon,559,guild_icon_40d.png,240,400,40,40,0,0,0,0,,,
guildicon,560,guild_icon_40d.png,280,400,40,40,0,0,0,0,,,
guildicon,561,guild_icon_40d.png,320,400,40,40,0,0,0,0,,,
guildicon,562,guild_icon_40d.png,360,400,40,40,0,0,0,0,,,
guildicon,563,guild_icon_40d.png,400,400,40,40,0,0,0,0,,,
guildicon,564,guild_icon_40d.png,440,400,40,40,0,0,0,0,,,
guildicon,565,guild_icon_40d.png,0,440,40,40,0,0,0,0,,,
guildicon,566,guild_icon_40d.png,40,440,40,40,0,0,0,0,,,
guildicon,567,guild_icon_40d.png,80,440,40,40,0,0,0,0,,,
guildicon,568,guild_icon_40d.png,120,440,40,40,0,0,0,0,,,
guildicon,569,guild_icon_40d.png,160,440,40,40,0,0,0,0,,,
guildicon,570,guild_icon_40d.png,200,440,40,40,0,0,0,0,,,
guildicon,571,guild_icon_40d.png,240,440,40,40,0,0,0,0,,,
guildicon,572,guild_icon_40d.png,280,440,40,40,0,0,0,0,,,
guildicon,573,guild_icon_40d.png,320,440,40,40,0,0,0,0,,,
guildicon,574,guild_icon_40d.png,360,440,40,40,0,0,0,0,,,
guildicon,575,guild_icon_40d.png,400,440,40,40,0,0,0,0,,,
guildicon,576,guild_icon_40d.png,440,440,40,40,0,0,0,0,,,
guildicon,577,guild_icon_40e.png,0,0,40,40,0,0,0,0,,,
guildicon,578,guild_icon_40e.png,40,0,40,40,0,0,0,0,,,
guildicon,579,guild_icon_40e.png,80,0,40,40,0,0,0,0,,,
guildicon,580,guild_icon_40e.png,120,0,40,40,0,0,0,0,,,
guildicon,581,guild_icon_40e.png,160,0,40,40,0,0,0,0,,,
guildicon,582,guild_icon_40e.png,200,0,40,40,0,0,0,0,,,
guildicon,583,guild_icon_40e.png,240,0,40,40,0,0,0,0,,,
guildicon,584,guild_icon_40e.png,280,0,40,40,0,0,0,0,,,
guildicon,585,guild_icon_40e.png,320,0,40,40,0,0,0,0,,,
guildicon,586,guild_icon_40e.png,360,0,40,40,0,0,0,0,,,
guildicon,587,guild_icon_40e.png,400,0,40,40,0,0,0,0,,,
guildicon,588,guild_icon_40e.png,440,0,40,40,0,0,0,0,,,
guildicon,589,guild_icon_40e.png,0,40,40,40,0,0,0,0,,,
guildicon,590,guild_icon_40e.png,40,40,40,40,0,0,0,0,,,
guildicon,591,guild_icon_40e.png,80,40,40,40,0,0,0,0,,,
guildicon,592,guild_icon_40e.png,120,40,40,40,0,0,0,0,,,
guildicon,593,guild_icon_40e.png,160,40,40,40,0,0,0,0,,,
guildicon,594,guild_icon_40e.png,200,40,40,40,0,0,0,0,,,
guildicon,595,guild_icon_40e.png,240,40,40,40,0,0,0,0,,,
guildicon,596,guild_icon_40e.png,280,40,40,40,0,0,0,0,,,
guildicon,597,guild_icon_40e.png,320,40,40,40,0,0,0,0,,,
guildicon,598,guild_icon_40e.png,360,40,40,40,0,0,0,0,,,
guildicon,599,guild_icon_40e.png,400,40,40,40,0,0,0,0,,,
guildicon,600,guild_icon_40e.png,440,40,40,40,0,0,0,0,,,
guildicon,601,guild_icon_40e.png,0,80,40,40,0,0,0,0,,,
guildicon,602,guild_icon_40e.png,40,80,40,40,0,0,0,0,,,
guildicon,603,guild_icon_40e.png,80,80,40,40,0,0,0,0,,,
guildicon,604,guild_icon_40e.png,120,80,40,40,0,0,0,0,,,
guildicon,605,guild_icon_40e.png,160,80,40,40,0,0,0,0,,,
guildicon,606,guild_icon_40e.png,200,80,40,40,0,0,0,0,,,
guildicon,607,guild_icon_40e.png,240,80,40,40,0,0,0,0,,,
guildicon,608,guild_icon_40e.png,280,80,40,40,0,0,0,0,,,
guildicon,609,guild_icon_40e.png,320,80,40,40,0,0,0,0,,,
guildicon,610,guild_icon_40e.png,360,80,40,40,0,0,0,0,,,
guildicon,611,guild_icon_40e.png,400,80,40,40,0,0,0,0,,,
guildicon,612,guild_icon_40e.png,440,80,40,40,0,0,0,0,,,
guildicon,613,guild_icon_40e.png,0,120,40,40,0,0,0,0,,,
guildicon,614,guild_icon_40e.png,40,120,40,40,0,0,0,0,,,
guildicon,615,guild_icon_40e.png,80,120,40,40,0,0,0,0,,,
guildicon,616,guild_icon_40e.png,120,120,40,40,0,0,0,0,,,
guildicon,617,guild_icon_40e.png,160,120,40,40,0,0,0,0,,,
guildicon,618,guild_icon_40e.png,200,120,40,40,0,0,0,0,,,
guildicon,619,guild_icon_40e.png,240,120,40,40,0,0,0,0,,,
guildicon,620,guild_icon_40e.png,280,120,40,40,0,0,0,0,,,
guildicon,621,guild_icon_40e.png,320,120,40,40,0,0,0,0,,,
guildicon,622,guild_icon_40e.png,360,120,40,40,0,0,0,0,,,
guildicon,623,guild_icon_40e.png,400,120,40,40,0,0,0,0,,,
guildicon,624,guild_icon_40e.png,440,120,40,40,0,0,0,0,,,
guildicon,625,guild_icon_40e.png,0,160,40,40,0,0,0,0,,,
guildicon,626,guild_icon_40e.png,40,160,40,40,0,0,0,0,,,
guildicon,627,guild_icon_40e.png,80,160,40,40,0,0,0,0,,,
,,,,,,,,,,,,,
,,,,,,,,,,,,,
guildicon,1000,guild_icon_user_40.png,0,0,40,40,0,0,0,0,1,,
guildicon,1001,guild_icon_user_40.png,0,80,40,40,0,0,0,0,3,,
guildicon,1002,guild_icon_user_40.png,0,120,40,40,0,0,0,0,4,,
guildicon,1003,guild_icon_user_40.png,0,160,40,40,0,0,0,0,5,,
guildicon,1004,guild_icon_user_40.png,0,40,40,40,0,0,0,0,2,,
guildicon,1005,guild_icon_user_40.png,0,200,40,40,0,0,0,0,6,,
guildicon,1006,guild_icon_user_40.png,40,0,40,40,0,0,0,0,7,,
guildicon,1007,guild_icon_user_40.png,40,40,40,40,0,0,0,0,8,,
guildicon,1008,guild_icon_user_40.png,40,80,40,40,0,0,0,0,9,,
guildicon,1009,guild_icon_user_40.png,40,120,40,40,0,0,0,0,10,,
,,,,,,,,,,,,,
,,,,,,,,,,,,,
guildbg_s,1,guild_bg_24.png,0,0,24,24,0,0,0,0,,,
guildbg_s,2,guild_bg_24.png,24,0,24,24,0,0,0,0,,,
guildbg_s,3,guild_bg_24.png,48,0,24,24,0,0,0,0,,,
guildbg_s,4,guild_bg_24.png,72,0,24,24,0,0,0,0,,,
guildbg_s,5,guild_bg_24.png,96,0,24,24,0,0,0,0,,,
guildbg_s,6,guild_bg_24.png,120,0,24,24,0,0,0,0,,,
guildbg_s,7,guild_bg_24.png,144,0,24,24,0,0,0,0,,,
guildbg_s,8,guild_bg_24.png,168,0,24,24,0,0,0,0,,,
guildbg_s,9,guild_bg_24.png,192,0,24,24,0,0,0,0,,,
guildbg_s,10,guild_bg_24.png,216,0,24,24,0,0,0,0,,,
guildbg_s,11,guild_bg_24.png,240,0,24,24,0,0,0,0,,,
guildbg_s,12,guild_bg_24.png,264,0,24,24,0,0,0,0,,,
guildbg_s,13,guild_bg_24.png,288,0,24,24,0,0,0,0,,,
guildbg_s,14,guild_bg_24.png,312,0,24,24,0,0,0,0,,,
guildbg_s,15,guild_bg_24.png,336,0,24,24,0,0,0,0,,,
guildbg_s,16,guild_bg_24.png,360,0,24,24,0,0,0,0,,,
guildbg_s,17,guild_bg_24.png,384,0,24,24,0,0,0,0,,,
guildbg_s,18,guild_bg_24.png,408,0,24,24,0,0,0,0,,,
guildbg_s,19,guild_bg_24.png,432,0,24,24,0,0,0,0,,,
guildbg_s,20,guild_bg_24.png,456,0,24,24,0,0,0,0,,,
guildbg_s,21,guild_bg_24.png,480,0,24,24,0,0,0,0,,,
guildbg_s,22,guild_bg_24.png,0,24,24,24,0,0,0,0,,,
guildbg_s,23,guild_bg_24.png,24,24,24,24,0,0,0,0,,,
guildbg_s,24,guild_bg_24.png,48,24,24,24,0,0,0,0,,,
guildbg_s,25,guild_bg_24.png,72,24,24,24,0,0,0,0,,,
guildbg_s,26,guild_bg_24.png,96,24,24,24,0,0,0,0,,,
guildbg_s,27,guild_bg_24.png,120,24,24,24,0,0,0,0,,,
guildbg_s,28,guild_bg_24.png,144,24,24,24,0,0,0,0,,,
guildbg_s,29,guild_bg_24.png,168,24,24,24,0,0,0,0,,,
guildbg_s,30,guild_bg_24.png,192,24,24,24,0,0,0,0,,,
guildbg_s,31,guild_bg_24.png,216,24,24,24,0,0,0,0,,,
guildbg_s,32,guild_bg_24.png,240,24,24,24,0,0,0,0,,,
guildbg_s,33,guild_bg_24.png,264,24,24,24,0,0,0,0,,,
guildbg_s,34,guild_bg_24.png,288,24,24,24,0,0,0,0,,,
guildbg_s,35,guild_bg_24.png,312,24,24,24,0,0,0,0,,,
guildbg_s,36,guild_bg_24.png,336,24,24,24,0,0,0,0,,,
guildbg_s,37,guild_bg_24.png,360,24,24,24,0,0,0,0,,,
guildbg_s,38,guild_bg_24.png,384,24,24,24,0,0,0,0,,,
guildbg_s,39,guild_bg_24.png,408,24,24,24,0,0,0,0,,,
guildbg_s,40,guild_bg_24.png,432,24,24,24,0,0,0,0,,,
guildbg_s,41,guild_bg_24.png,456,24,24,24,0,0,0,0,,,
guildbg_s,42,guild_bg_24.png,480,24,24,24,0,0,0,0,,,
guildbg_s,43,guild_bg_24.png,0,48,24,24,0,0,0,0,,,
guildbg_s,44,guild_bg_24.png,24,48,24,24,0,0,0,0,,,
guildbg_s,45,guild_bg_24.png,48,48,24,24,0,0,0,0,,,
guildbg_s,46,guild_bg_24.png,72,48,24,24,0,0,0,0,,,
,,,,,,,,,,,,,
guildbg_s,47,guild_bg_24.png,96,48,24,24,0,0,0,0,,,
guildbg_s,48,guild_bg_24.png,120,48,24,24,0,0,0,0,,,
guildbg_s,49,guild_bg_24.png,144,48,24,24,0,0,0,0,,,
guildbg_s,50,guild_bg_24.png,168,48,24,24,0,0,0,0,,,
guildbg_s,51,guild_bg_24.png,192,48,24,24,0,0,0,0,,,
guildbg_s,52,guild_bg_24.png,216,48,24,24,0,0,0,0,,,
guildbg_s,53,guild_bg_24.png,240,48,24,24,0,0,0,0,,,
guildbg_s,54,guild_bg_24.png,264,48,24,24,0,0,0,0,,,
guildbg_s,55,guild_bg_24.png,288,48,24,24,0,0,0,0,,,
guildbg_s,56,guild_bg_24.png,312,48,24,24,0,0,0,0,,,
guildbg_s,57,guild_bg_24.png,336,48,24,24,0,0,0,0,,,
guildbg_s,58,guild_bg_24.png,360,48,24,24,0,0,0,0,,,
guildbg_s,59,guild_bg_24.png,384,48,24,24,0,0,0,0,,,
guildbg_s,60,guild_bg_24.png,408,48,24,24,0,0,0,0,,,
guildbg_s,61,guild_bg_24.png,432,48,24,24,0,0,0,0,,,
guildbg_s,62,guild_bg_24.png,456,48,24,24,0,0,0,0,,,
guildbg_s,63,guild_bg_24.png,480,48,24,24,0,0,0,0,,,
guildbg_s,64,guild_bg_24.png,0,72,24,24,0,0,0,0,,,
guildbg_s,65,guild_bg_24.png,24,72,24,24,0,0,0,0,,,
guildbg_s,66,guild_bg_24.png,48,72,24,24,0,0,0,0,,,
guildbg_s,67,guild_bg_24.png,72,72,24,24,0,0,0,0,,,
guildbg_s,68,guild_bg_24.png,96,72,24,24,0,0,0,0,,,
guildbg_s,69,guild_bg_24.png,120,72,24,24,0,0,0,0,,,
guildbg_s,70,guild_bg_24.png,144,72,24,24,0,0,0,0,,,
guildbg_s,71,guild_bg_24.png,168,72,24,24,0,0,0,0,,,
guildbg_s,72,guild_bg_24.png,192,72,24,24,0,0,0,0,,,
guildbg_s,73,guild_bg_24.png,216,72,24,24,0,0,0,0,,,
guildbg_s,74,guild_bg_24.png,240,72,24,24,0,0,0,0,,,
guildbg_s,75,guild_bg_24.png,264,72,24,24,0,0,0,0,,,
guildbg_s,76,guild_bg_24.png,288,72,24,24,0,0,0,0,,,
guildbg_s,77,guild_bg_24.png,312,72,24,24,0,0,0,0,,,
guildbg_s,78,guild_bg_24.png,336,72,24,24,0,0,0,0,,,
guildbg_s,79,guild_bg_24.png,360,72,24,24,0,0,0,0,,,
guildbg_s,80,guild_bg_24.png,384,72,24,24,0,0,0,0,,,
guildbg_s,81,guild_bg_24.png,408,72,24,24,0,0,0,0,,,
guildbg_s,82,guild_bg_24.png,432,72,24,24,0,0,0,0,,,
guildbg_s,83,guild_bg_24.png,456,72,24,24,0,0,0,0,,,
guildbg_s,84,guild_bg_24.png,480,72,24,24,0,0,0,0,,,
guildbg_s,85,guild_bg_24.png,0,96,24,24,0,0,0,0,,,
guildbg_s,86,guild_bg_24.png,24,96,24,24,0,0,0,0,,,
guildbg_s,87,guild_bg_24.png,48,96,24,24,0,0,0,0,,,
guildbg_s,88,guild_bg_24.png,72,96,24,24,0,0,0,0,,,
guildbg_s,89,guild_bg_24.png,96,96,24,24,0,0,0,0,,,
guildbg_s,90,guild_bg_24.png,120,96,24,24,0,0,0,0,,,
guildbg_s,91,guild_bg_24.png,144,96,24,24,0,0,0,0,,,
guildbg_s,92,guild_bg_24.png,168,96,24,24,0,0,0,0,,,
guildbg_s,93,guild_bg_24.png,192,96,24,24,0,0,0,0,,,
guildbg_s,94,guild_bg_24.png,216,96,24,24,0,0,0,0,,,
guildbg_s,95,guild_bg_24.png,240,96,24,24,0,0,0,0,,,
guildbg_s,96,guild_bg_24.png,264,96,24,24,0,0,0,0,,,
guildbg_s,97,guild_bg_24.png,288,96,24,24,0,0,0,0,,,
guildbg_s,98,guild_bg_24.png,312,96,24,24,0,0,0,0,,,
guildbg_s,99,guild_bg_24.png,336,96,24,24,0,0,0,0,,,
guildbg_s,100,guild_bg_24.png,360,96,24,24,0,0,0,0,,,
guildbg_s,101,guild_bg_24.png,384,96,24,24,0,0,0,0,,,
guildbg_s,102,guild_bg_24.png,408,96,24,24,0,0,0,0,,,
guildbg_s,103,guild_bg_24.png,432,96,24,24,0,0,0,0,,,
,,,,,,,,,,,,,
guildbg_s,104,guild_bg_24.png,456,96,24,24,0,0,0,0,,,
guildbg_s,105,guild_bg_24.png,480,96,24,24,0,0,0,0,,,
guildbg_s,106,guild_bg_24.png,0,120,24,24,0,0,0,0,,,
guildbg_s,107,guild_bg_24.png,24,120,24,24,0,0,0,0,,,
guildbg_s,108,guild_bg_24.png,48,120,24,24,0,0,0,0,,,
guildbg_s,109,guild_bg_24.png,72,120,24,24,0,0,0,0,,,
guildbg_s,110,guild_bg_24.png,96,120,24,24,0,0,0,0,,,
guildbg_s,111,guild_bg_24.png,120,120,24,24,0,0,0,0,,,
guildbg_s,112,guild_bg_24.png,144,120,24,24,0,0,0,0,,,
guildbg_s,113,guild_bg_24.png,168,120,24,24,0,0,0,0,,,
guildbg_s,114,guild_bg_24.png,192,120,24,24,0,0,0,0,,,
guildbg_s,115,guild_bg_24.png,216,120,24,24,0,0,0,0,,,
guildbg_s,116,guild_bg_24.png,240,120,24,24,0,0,0,0,,,
guildbg_s,117,guild_bg_24.png,264,120,24,24,0,0,0,0,,,
guildbg_s,118,guild_bg_24.png,288,120,24,24,0,0,0,0,,,
guildbg_s,119,guild_bg_24.png,312,120,24,24,0,0,0,0,,,
guildbg_s,120,guild_bg_24.png,336,120,24,24,0,0,0,0,,,
guildbg_s,121,guild_bg_24.png,360,120,24,24,0,0,0,0,,,
guildbg_s,122,guild_bg_24.png,384,120,24,24,0,0,0,0,,,
guildbg_s,123,guild_bg_24.png,408,120,24,24,0,0,0,0,,,
,,,,,,,,,,,,,
guildbg_s,124,guild_bg_24.png,432,120,24,24,0,0,0,0,,,
guildbg_s,125,guild_bg_24.png,456,120,24,24,0,0,0,0,,,
guildbg_s,126,guild_bg_24.png,480,120,24,24,0,0,0,0,,,
guildbg_s,127,guild_bg_24.png,0,144,24,24,0,0,0,0,,,
guildbg_s,128,guild_bg_24.png,24,144,24,24,0,0,0,0,,,
guildbg_s,129,guild_bg_24.png,48,144,24,24,0,0,0,0,,,
guildbg_s,130,guild_bg_24.png,72,144,24,24,0,0,0,0,,,
guildbg_s,131,guild_bg_24.png,96,144,24,24,0,0,0,0,,,
guildbg_s,132,guild_bg_24.png,120,144,24,24,0,0,0,0,,,
guildbg_s,133,guild_bg_24.png,144,144,24,24,0,0,0,0,,,
,,,,,,,,,,,,,
guildbg_s,134,guild_bg_24.png,168,144,24,24,0,0,0,0,,,
guildbg_s,135,guild_bg_24.png,192,144,24,24,0,0,0,0,,,
,,,,,,,,,,,,,
guildbg_s,136,guild_bg_24.png,216,144,24,24,0,0,0,0,,,
guildbg_s,137,guild_bg_24.png,240,144,24,24,0,0,0,0,,,
guildbg_s,138,guild_bg_24.png,264,144,24,24,0,0,0,0,,,
guildbg_s,139,guild_bg_24.png,288,144,24,24,0,0,0,0,,,
guildbg_s,140,guild_bg_24.png,312,144,24,24,0,0,0,0,,,
guildbg_s,141,guild_bg_24.png,336,144,24,24,0,0,0,0,,,
guildbg_s,142,guild_bg_24.png,360,144,24,24,0,0,0,0,,,
guildbg_s,143,guild_bg_24.png,384,144,24,24,0,0,0,0,,,
guildbg_s,144,guild_bg_24.png,408,144,24,24,0,0,0,0,,,
guildbg_s,145,guild_bg_24.png,432,144,24,24,0,0,0,0,,,
guildbg_s,146,guild_bg_24.png,456,144,24,24,0,0,0,0,,,
guildbg_s,147,guild_bg_24.png,480,144,24,24,0,0,0,0,,,
guildbg_s,148,guild_bg_24.png,0,168,24,24,0,0,0,0,,,
guildbg_s,149,guild_bg_24.png,24,168,24,24,0,0,0,0,,,
guildbg_s,150,guild_bg_24.png,48,168,24,24,0,0,0,0,,,
guildbg_s,151,guild_bg_24.png,72,168,24,24,0,0,0,0,,,
guildbg_s,152,guild_bg_24.png,96,168,24,24,0,0,0,0,,,
guildbg_s,153,guild_bg_24.png,120,168,24,24,0,0,0,0,,,
guildbg_s,154,guild_bg_24.png,144,168,24,24,0,0,0,0,,,
guildbg_s,155,guild_bg_24.png,168,168,24,24,0,0,0,0,,,
guildbg_s,156,guild_bg_24.png,192,168,24,24,0,0,0,0,,,
guildbg_s,157,guild_bg_24.png,216,168,24,24,0,0,0,0,,,
guildbg_s,158,guild_bg_24.png,240,168,24,24,0,0,0,0,,,
guildbg_s,159,guild_bg_24.png,264,168,24,24,0,0,0,0,,,
guildbg_s,160,guild_bg_24.png,288,168,24,24,0,0,0,0,,,
guildbg_s,161,guild_bg_24.png,312,168,24,24,0,0,0,0,,,
guildbg_s,162,guild_bg_24.png,336,168,24,24,0,0,0,0,,,
guildbg_s,163,guild_bg_24.png,360,168,24,24,0,0,0,0,,,
guildbg_s,164,guild_bg_24.png,384,168,24,24,0,0,0,0,,,
guildbg_s,165,guild_bg_24.png,408,168,24,24,0,0,0,0,,,
guildbg_s,166,guild_bg_24.png,432,168,24,24,0,0,0,0,,,
guildbg_s,167,guild_bg_24.png,456,168,24,24,0,0,0,0,,,
guildbg_s,168,guild_bg_24.png,480,168,24,24,0,0,0,0,,,
guildbg_s,169,guild_bg_24.png,0,192,24,24,0,0,0,0,,,
guildbg_s,170,guild_bg_24.png,24,192,24,24,0,0,0,0,,,
guildbg_s,171,guild_bg_24.png,48,192,24,24,0,0,0,0,,,
,,,,,,,,,,,,,
guildbg_s,172,guild_bg_24.png,72,192,24,24,0,0,0,0,,,
guildbg_s,173,guild_bg_24.png,96,192,24,24,0,0,0,0,,,
guildbg_s,174,guild_bg_24.png,120,192,24,24,0,0,0,0,,,
guildbg_s,175,guild_bg_24.png,144,192,24,24,0,0,0,0,,,
guildbg_s,176,guild_bg_24.png,168,192,24,24,0,0,0,0,,,
guildbg_s,177,guild_bg_24.png,192,192,24,24,0,0,0,0,,,
guildbg_s,178,guild_bg_24.png,216,192,24,24,0,0,0,0,,,
guildbg_s,179,guild_bg_24.png,240,192,24,24,0,0,0,0,,,
guildbg_s,180,guild_bg_24.png,264,192,24,24,0,0,0,0,,,
guildbg_s,181,guild_bg_24.png,288,192,24,24,0,0,0,0,,,
guildbg_s,182,guild_bg_24.png,312,192,24,24,0,0,0,0,,,
guildbg_s,183,guild_bg_24.png,336,192,24,24,0,0,0,0,,,
guildbg_s,184,guild_bg_24.png,360,192,24,24,0,0,0,0,,,
guildbg_s,185,guild_bg_24.png,384,192,24,24,0,0,0,0,,,
guildbg_s,186,guild_bg_24.png,408,192,24,24,0,0,0,0,,,
guildbg_s,187,guild_bg_24.png,432,192,24,24,0,0,0,0,,,
guildbg_s,188,guild_bg_24.png,456,192,24,24,0,0,0,0,,,
guildbg_s,189,guild_bg_24.png,480,192,24,24,0,0,0,0,,,
guildbg_s,190,guild_bg_24.png,0,216,24,24,0,0,0,0,,,
guildbg_s,191,guild_bg_24.png,24,216,24,24,0,0,0,0,,,
guildbg_s,192,guild_bg_24.png,48,216,24,24,0,0,0,0,,,
guildbg_s,193,guild_bg_24.png,72,216,24,24,0,0,0,0,,,
guildbg_s,194,guild_bg_24.png,96,216,24,24,0,0,0,0,,,
guildbg_s,195,guild_bg_24.png,120,216,24,24,0,0,0,0,,,
guildbg_s,196,guild_bg_24.png,144,216,24,24,0,0,0,0,,,
guildbg_s,197,guild_bg_24.png,168,216,24,24,0,0,0,0,,,
guildbg_s,198,guild_bg_24.png,192,216,24,24,0,0,0,0,,,
guildbg_s,199,guild_bg_24.png,216,216,24,24,0,0,0,0,,,
guildbg_s,200,guild_bg_24.png,240,216,24,24,0,0,0,0,,,
guildbg_s,201,guild_bg_24.png,264,216,24,24,0,0,0,0,,,
guildbg_s,202,guild_bg_24.png,288,216,24,24,0,0,0,0,,,
guildbg_s,203,guild_bg_24.png,312,216,24,24,0,0,0,0,,,
guildbg_s,204,guild_bg_24.png,336,216,24,24,0,0,0,0,,,
guildbg_s,205,guild_bg_24.png,360,216,24,24,0,0,0,0,,,
guildbg_s,206,guild_bg_24.png,384,216,24,24,0,0,0,0,,,
guildbg_s,207,guild_bg_24.png,408,216,24,24,0,0,0,0,,,
guildbg_s,208,guild_bg_24.png,432,216,24,24,0,0,0,0,,,
guildbg_s,209,guild_bg_24.png,456,216,24,24,0,0,0,0,,,
guildbg_s,210,guild_bg_24.png,480,216,24,24,0,0,0,0,,,
guildbg_s,211,guild_bg_24.png,0,240,24,24,0,0,0,0,,,
guildbg_s,212,guild_bg_24.png,24,240,24,24,0,0,0,0,,,
guildbg_s,213,guild_bg_24.png,48,240,24,24,0,0,0,0,,,
guildbg_s,214,guild_bg_24.png,72,240,24,24,0,0,0,0,,,
guildbg_s,215,guild_bg_24.png,96,240,24,24,0,0,0,0,,,
guildbg_s,216,guild_bg_24.png,120,240,24,24,0,0,0,0,,,
guildbg_s,217,guild_bg_24.png,144,240,24,24,0,0,0,0,,,
guildbg_s,218,guild_bg_24.png,168,240,24,24,0,0,0,0,,,
guildbg_s,219,guild_bg_24.png,192,240,24,24,0,0,0,0,,,
guildbg_s,220,guild_bg_24.png,216,240,24,24,0,0,0,0,,,
guildbg_s,221,guild_bg_24.png,240,240,24,24,0,0,0,0,,,
,,,,,,,,,,,,,
,,,,,,,,,,,,,
guildibg_s,1001,guild_icon_user_24.png,0,0,24,24,0,0,0,0,1,,
guildibg_s,1002,guild_icon_user_24.png,0,24,24,24,0,0,0,0,2,,
guildibg_s,1003,guild_icon_user_24.png,0,48,24,24,0,0,0,0,3,,
guildibg_s,1004,guild_icon_user_24.png,0,72,24,24,0,0,0,0,4,,
guildibg_s,1005,guild_icon_user_24.png,0,96,24,24,0,0,0,0,5,,
guildibg_s,1006,guild_icon_user_24.png,0,120,24,24,0,0,0,0,6,,
guildibg_s,1007,guild_icon_user_24.png,0,144,24,24,0,0,0,0,7,,
,,,,,,,,,,,,,
,,,,,,,,,,,,,
guildbg,1,guild_bg_40a.png,0,0,40,40,0,0,0,0,,,
guildbg,2,guild_bg_40a.png,40,0,40,40,0,0,0,0,,,
guildbg,3,guild_bg_40a.png,80,0,40,40,0,0,0,0,,,
guildbg,4,guild_bg_40a.png,120,0,40,40,0,0,0,0,,,
guildbg,5,guild_bg_40a.png,160,0,40,40,0,0,0,0,,,
guildbg,6,guild_bg_40a.png,200,0,40,40,0,0,0,0,,,
guildbg,7,guild_bg_40a.png,240,0,40,40,0,0,0,0,,,
guildbg,8,guild_bg_40a.png,280,0,40,40,0,0,0,0,,,
guildbg,9,guild_bg_40a.png,320,0,40,40,0,0,0,0,,,
guildbg,10,guild_bg_40a.png,360,0,40,40,0,0,0,0,,,
guildbg,11,guild_bg_40a.png,400,0,40,40,0,0,0,0,,,
guildbg,12,guild_bg_40a.png,440,0,40,40,0,0,0,0,,,
guildbg,13,guild_bg_40a.png,0,40,40,40,0,0,0,0,,,
guildbg,14,guild_bg_40a.png,40,40,40,40,0,0,0,0,,,
guildbg,15,guild_bg_40a.png,80,40,40,40,0,0,0,0,,,
guildbg,16,guild_bg_40a.png,120,40,40,40,0,0,0,0,,,
guildbg,17,guild_bg_40a.png,160,40,40,40,0,0,0,0,,,
guildbg,18,guild_bg_40a.png,200,40,40,40,0,0,0,0,,,
guildbg,19,guild_bg_40a.png,240,40,40,40,0,0,0,0,,,
guildbg,20,guild_bg_40a.png,280,40,40,40,0,0,0,0,,,
guildbg,21,guild_bg_40a.png,320,40,40,40,0,0,0,0,,,
guildbg,22,guild_bg_40a.png,360,40,40,40,0,0,0,0,,,
guildbg,23,guild_bg_40a.png,400,40,40,40,0,0,0,0,,,
guildbg,24,guild_bg_40a.png,440,40,40,40,0,0,0,0,,,
guildbg,25,guild_bg_40a.png,0,80,40,40,0,0,0,0,,,
guildbg,26,guild_bg_40a.png,40,80,40,40,0,0,0,0,,,
guildbg,27,guild_bg_40a.png,80,80,40,40,0,0,0,0,,,
guildbg,28,guild_bg_40a.png,120,80,40,40,0,0,0,0,,,
guildbg,29,guild_bg_40a.png,160,80,40,40,0,0,0,0,,,
guildbg,30,guild_bg_40a.png,200,80,40,40,0,0,0,0,,,
guildbg,31,guild_bg_40a.png,240,80,40,40,0,0,0,0,,,
guildbg,32,guild_bg_40a.png,280,80,40,40,0,0,0,0,,,
guildbg,33,guild_bg_40a.png,320,80,40,40,0,0,0,0,,,
guildbg,34,guild_bg_40a.png,360,80,40,40,0,0,0,0,,,
guildbg,35,guild_bg_40a.png,400,80,40,40,0,0,0,0,,,
guildbg,36,guild_bg_40a.png,440,80,40,40,0,0,0,0,,,
,,,,,,,,,,,,,
guildbg,37,guild_bg_40a.png,0,120,40,40,0,0,0,0,,,
guildbg,38,guild_bg_40a.png,40,120,40,40,0,0,0,0,,,
guildbg,39,guild_bg_40a.png,80,120,40,40,0,0,0,0,,,
guildbg,40,guild_bg_40a.png,120,120,40,40,0,0,0,0,,,
guildbg,41,guild_bg_40a.png,160,120,40,40,0,0,0,0,,,
guildbg,42,guild_bg_40a.png,200,120,40,40,0,0,0,0,,,
guildbg,43,guild_bg_40a.png,240,120,40,40,0,0,0,0,,,
guildbg,44,guild_bg_40a.png,280,120,40,40,0,0,0,0,,,
guildbg,45,guild_bg_40a.png,320,120,40,40,0,0,0,0,,,
guildbg,46,guild_bg_40a.png,360,120,40,40,0,0,0,0,,,
guildbg,47,guild_bg_40a.png,400,120,40,40,0,0,0,0,,,
guildbg,48,guild_bg_40a.png,440,120,40,40,0,0,0,0,,,
guildbg,49,guild_bg_40a.png,0,160,40,40,0,0,0,0,,,
guildbg,50,guild_bg_40a.png,40,160,40,40,0,0,0,0,,,
guildbg,51,guild_bg_40a.png,80,160,40,40,0,0,0,0,,,
guildbg,52,guild_bg_40a.png,120,160,40,40,0,0,0,0,,,
guildbg,53,guild_bg_40a.png,160,160,40,40,0,0,0,0,,,
guildbg,54,guild_bg_40a.png,200,160,40,40,0,0,0,0,,,
guildbg,55,guild_bg_40a.png,240,160,40,40,0,0,0,0,,,
guildbg,56,guild_bg_40a.png,280,160,40,40,0,0,0,0,,,
guildbg,57,guild_bg_40a.png,320,160,40,40,0,0,0,0,,,
guildbg,58,guild_bg_40a.png,360,160,40,40,0,0,0,0,,,
guildbg,59,guild_bg_40a.png,400,160,40,40,0,0,0,0,,,
guildbg,60,guild_bg_40a.png,440,160,40,40,0,0,0,0,,,
guildbg,61,guild_bg_40a.png,0,200,40,40,0,0,0,0,,,
guildbg,62,guild_bg_40a.png,40,200,40,40,0,0,0,0,,,
guildbg,63,guild_bg_40a.png,80,200,40,40,0,0,0,0,,,
guildbg,64,guild_bg_40a.png,120,200,40,40,0,0,0,0,,,
guildbg,65,guild_bg_40a.png,160,200,40,40,0,0,0,0,,,
guildbg,66,guild_bg_40a.png,200,200,40,40,0,0,0,0,,,
guildbg,67,guild_bg_40a.png,240,200,40,40,0,0,0,0,,,
guildbg,68,guild_bg_40a.png,280,200,40,40,0,0,0,0,,,
guildbg,69,guild_bg_40a.png,320,200,40,40,0,0,0,0,,,
guildbg,70,guild_bg_40a.png,360,200,40,40,0,0,0,0,,,
guildbg,71,guild_bg_40a.png,400,200,40,40,0,0,0,0,,,
guildbg,72,guild_bg_40a.png,440,200,40,40,0,0,0,0,,,
guildbg,73,guild_bg_40a.png,0,240,40,40,0,0,0,0,,,
guildbg,74,guild_bg_40a.png,40,240,40,40,0,0,0,0,,,
guildbg,75,guild_bg_40a.png,80,240,40,40,0,0,0,0,,,
guildbg,76,guild_bg_40a.png,120,240,40,40,0,0,0,0,,,
guildbg,77,guild_bg_40a.png,160,240,40,40,0,0,0,0,,,
guildbg,78,guild_bg_40a.png,200,240,40,40,0,0,0,0,,,
guildbg,79,guild_bg_40a.png,240,240,40,40,0,0,0,0,,,
guildbg,80,guild_bg_40a.png,280,240,40,40,0,0,0,0,,,
guildbg,81,guild_bg_40a.png,320,240,40,40,0,0,0,0,,,
guildbg,82,guild_bg_40a.png,360,240,40,40,0,0,0,0,,,
guildbg,83,guild_bg_40a.png,400,240,40,40,0,0,0,0,,,
guildbg,84,guild_bg_40a.png,440,240,40,40,0,0,0,0,,,
guildbg,85,guild_bg_40a.png,0,280,40,40,0,0,0,0,,,
guildbg,86,guild_bg_40a.png,40,280,40,40,0,0,0,0,,,
guildbg,87,guild_bg_40a.png,80,280,40,40,0,0,0,0,,,
guildbg,88,guild_bg_40a.png,120,280,40,40,0,0,0,0,,,
guildbg,89,guild_bg_40a.png,160,280,40,40,0,0,0,0,,,
guildbg,90,guild_bg_40a.png,200,280,40,40,0,0,0,0,,,
guildbg,91,guild_bg_40a.png,240,280,40,40,0,0,0,0,,,
guildbg,92,guild_bg_40a.png,280,280,40,40,0,0,0,0,,,
guildbg,93,guild_bg_40a.png,320,280,40,40,0,0,0,0,,,
guildbg,94,guild_bg_40a.png,360,280,40,40,0,0,0,0,,,
guildbg,95,guild_bg_40a.png,400,280,40,40,0,0,0,0,,,
guildbg,96,guild_bg_40a.png,440,280,40,40,0,0,0,0,,,
guildbg,97,guild_bg_40a.png,0,320,40,40,0,0,0,0,,,
guildbg,98,guild_bg_40a.png,40,320,40,40,0,0,0,0,,,
guildbg,99,guild_bg_40a.png,80,320,40,40,0,0,0,0,,,
guildbg,100,guild_bg_40a.png,120,320,40,40,0,0,0,0,,,
guildbg,101,guild_bg_40a.png,160,320,40,40,0,0,0,0,,,
guildbg,102,guild_bg_40a.png,200,320,40,40,0,0,0,0,,,
guildbg,103,guild_bg_40a.png,240,320,40,40,0,0,0,0,,,
guildbg,104,guild_bg_40a.png,280,320,40,40,0,0,0,0,,,
guildbg,105,guild_bg_40a.png,320,320,40,40,0,0,0,0,,,
guildbg,106,guild_bg_40a.png,360,320,40,40,0,0,0,0,,,
guildbg,107,guild_bg_40a.png,400,320,40,40,0,0,0,0,,,
guildbg,108,guild_bg_40a.png,440,320,40,40,0,0,0,0,,,
guildbg,109,guild_bg_40a.png,0,360,40,40,0,0,0,0,,,
guildbg,110,guild_bg_40a.png,40,360,40,40,0,0,0,0,,,
guildbg,111,guild_bg_40a.png,80,360,40,40,0,0,0,0,,,
guildbg,112,guild_bg_40a.png,120,360,40,40,0,0,0,0,,,
guildbg,113,guild_bg_40a.png,160,360,40,40,0,0,0,0,,,
guildbg,114,guild_bg_40a.png,200,360,40,40,0,0,0,0,,,
guildbg,115,guild_bg_40a.png,240,360,40,40,0,0,0,0,,,
guildbg,116,guild_bg_40a.png,280,360,40,40,0,0,0,0,,,
guildbg,117,guild_bg_40a.png,320,360,40,40,0,0,0,0,,,
guildbg,118,guild_bg_40a.png,360,360,40,40,0,0,0,0,,,
guildbg,119,guild_bg_40a.png,400,360,40,40,0,0,0,0,,,
guildbg,120,guild_bg_40a.png,440,360,40,40,0,0,0,0,,,
guildbg,121,guild_bg_40a.png,0,400,40,40,0,0,0,0,,,
guildbg,122,guild_bg_40a.png,40,400,40,40,0,0,0,0,,,
guildbg,123,guild_bg_40a.png,80,400,40,40,0,0,0,0,,,
guildbg,124,guild_bg_40a.png,120,400,40,40,0,0,0,0,,,
guildbg,125,guild_bg_40a.png,160,400,40,40,0,0,0,0,,,
guildbg,126,guild_bg_40a.png,200,400,40,40,0,0,0,0,,,
guildbg,127,guild_bg_40a.png,240,400,40,40,0,0,0,0,,,
guildbg,128,guild_bg_40a.png,280,400,40,40,0,0,0,0,,,
guildbg,129,guild_bg_40a.png,320,400,40,40,0,0,0,0,,,
guildbg,130,guild_bg_40a.png,360,400,40,40,0,0,0,0,,,
guildbg,131,guild_bg_40a.png,400,400,40,40,0,0,0,0,,,
guildbg,132,guild_bg_40a.png,440,400,40,40,0,0,0,0,,,
guildbg,133,guild_bg_40a.png,0,440,40,40,0,0,0,0,,,
guildbg,134,guild_bg_40a.png,40,440,40,40,0,0,0,0,,,
guildbg,135,guild_bg_40a.png,80,440,40,40,0,0,0,0,,,
guildbg,136,guild_bg_40a.png,120,440,40,40,0,0,0,0,,,
guildbg,137,guild_bg_40a.png,160,440,40,40,0,0,0,0,,,
guildbg,138,guild_bg_40a.png,200,440,40,40,0,0,0,0,,,
guildbg,139,guild_bg_40a.png,240,440,40,40,0,0,0,0,,,
guildbg,140,guild_bg_40a.png,280,440,40,40,0,0,0,0,,,
guildbg,141,guild_bg_40a.png,320,440,40,40,0,0,0,0,,,
guildbg,142,guild_bg_40a.png,360,440,40,40,0,0,0,0,,,
guildbg,143,guild_bg_40a.png,400,440,40,40,0,0,0,0,,,
guildbg,144,guild_bg_40a.png,440,440,40,40,0,0,0,0,,,
guildbg,145,guild_bg_40b.png,0,0,40,40,0,0,0,0,,,
guildbg,146,guild_bg_40b.png,40,0,40,40,0,0,0,0,,,
guildbg,147,guild_bg_40b.png,80,0,40,40,0,0,0,0,,,
guildbg,148,guild_bg_40b.png,120,0,40,40,0,0,0,0,,,
guildbg,149,guild_bg_40b.png,160,0,40,40,0,0,0,0,,,
guildbg,150,guild_bg_40b.png,200,0,40,40,0,0,0,0,,,
guildbg,151,guild_bg_40b.png,240,0,40,40,0,0,0,0,,,
guildbg,152,guild_bg_40b.png,280,0,40,40,0,0,0,0,,,
guildbg,153,guild_bg_40b.png,320,0,40,40,0,0,0,0,,,
guildbg,154,guild_bg_40b.png,360,0,40,40,0,0,0,0,,,
guildbg,155,guild_bg_40b.png,400,0,40,40,0,0,0,0,,,
guildbg,156,guild_bg_40b.png,440,0,40,40,0,0,0,0,,,
guildbg,157,guild_bg_40b.png,0,40,40,40,0,0,0,0,,,
guildbg,158,guild_bg_40b.png,40,40,40,40,0,0,0,0,,,
guildbg,159,guild_bg_40b.png,80,40,40,40,0,0,0,0,,,
guildbg,160,guild_bg_40b.png,120,40,40,40,0,0,0,0,,,
guildbg,161,guild_bg_40b.png,160,40,40,40,0,0,0,0,,,
guildbg,162,guild_bg_40b.png,200,40,40,40,0,0,0,0,,,
guildbg,163,guild_bg_40b.png,240,40,40,40,0,0,0,0,,,
guildbg,164,guild_bg_40b.png,280,40,40,40,0,0,0,0,,,
guildbg,165,guild_bg_40b.png,320,40,40,40,0,0,0,0,,,
guildbg,166,guild_bg_40b.png,360,40,40,40,0,0,0,0,,,
guildbg,167,guild_bg_40b.png,400,40,40,40,0,0,0,0,,,
guildbg,168,guild_bg_40b.png,440,40,40,40,0,0,0,0,,,
guildbg,169,guild_bg_40b.png,0,80,40,40,0,0,0,0,,,
guildbg,170,guild_bg_40b.png,40,80,40,40,0,0,0,0,,,
guildbg,171,guild_bg_40b.png,80,80,40,40,0,0,0,0,,,
guildbg,172,guild_bg_40b.png,120,80,40,40,0,0,0,0,,,
guildbg,173,guild_bg_40b.png,160,80,40,40,0,0,0,0,,,
guildbg,174,guild_bg_40b.png,200,80,40,40,0,0,0,0,,,
guildbg,175,guild_bg_40b.png,240,80,40,40,0,0,0,0,,,
guildbg,176,guild_bg_40b.png,280,80,40,40,0,0,0,0,,,
guildbg,177,guild_bg_40b.png,320,80,40,40,0,0,0,0,,,
guildbg,178,guild_bg_40b.png,360,80,40,40,0,0,0,0,,,
guildbg,179,guild_bg_40b.png,400,80,40,40,0,0,0,0,,,
guildbg,180,guild_bg_40b.png,440,80,40,40,0,0,0,0,,,
guildbg,181,guild_bg_40b.png,0,120,40,40,0,0,0,0,,,
guildbg,182,guild_bg_40b.png,40,120,40,40,0,0,0,0,,,
guildbg,183,guild_bg_40b.png,80,120,40,40,0,0,0,0,,,
guildbg,184,guild_bg_40b.png,120,120,40,40,0,0,0,0,,,
guildbg,185,guild_bg_40b.png,160,120,40,40,0,0,0,0,,,
guildbg,186,guild_bg_40b.png,200,120,40,40,0,0,0,0,,,
guildbg,187,guild_bg_40b.png,240,120,40,40,0,0,0,0,,,
guildbg,188,guild_bg_40b.png,280,120,40,40,0,0,0,0,,,
guildbg,189,guild_bg_40b.png,320,120,40,40,0,0,0,0,,,
guildbg,190,guild_bg_40b.png,360,120,40,40,0,0,0,0,,,
guildbg,191,guild_bg_40b.png,400,120,40,40,0,0,0,0,,,
guildbg,192,guild_bg_40b.png,440,120,40,40,0,0,0,0,,,
guildbg,193,guild_bg_40b.png,0,160,40,40,0,0,0,0,,,
guildbg,194,guild_bg_40b.png,40,160,40,40,0,0,0,0,,,
guildbg,195,guild_bg_40b.png,80,160,40,40,0,0,0,0,,,
guildbg,196,guild_bg_40b.png,120,160,40,40,0,0,0,0,,,
guildbg,197,guild_bg_40b.png,160,160,40,40,0,0,0,0,,,
guildbg,198,guild_bg_40b.png,200,160,40,40,0,0,0,0,,,
,,,,,,,,,,,,,
guildbg,199,guild_bg_40b.png,240,160,40,40,0,0,0,0,,,
guildbg,200,guild_bg_40b.png,280,160,40,40,0,0,0,0,,,
guildbg,201,guild_bg_40b.png,320,160,40,40,0,0,0,0,,,
guildbg,202,guild_bg_40b.png,360,160,40,40,0,0,0,0,,,
guildbg,203,guild_bg_40b.png,400,160,40,40,0,0,0,0,,,
guildbg,204,guild_bg_40b.png,440,160,40,40,0,0,0,0,,,
guildbg,205,guild_bg_40b.png,0,200,40,40,0,0,0,0,,,
guildbg,206,guild_bg_40b.png,40,200,40,40,0,0,0,0,,,
guildbg,207,guild_bg_40b.png,80,200,40,40,0,0,0,0,,,
guildbg,208,guild_bg_40b.png,120,200,40,40,0,0,0,0,,,
guildbg,209,guild_bg_40b.png,160,200,40,40,0,0,0,0,,,
guildbg,210,guild_bg_40b.png,200,200,40,40,0,0,0,0,,,
guildbg,211,guild_bg_40b.png,240,200,40,40,0,0,0,0,,,
guildbg,212,guild_bg_40b.png,280,200,40,40,0,0,0,0,,,
guildbg,213,guild_bg_40b.png,320,200,40,40,0,0,0,0,,,
guildbg,214,guild_bg_40b.png,360,200,40,40,0,0,0,0,,,
guildbg,215,guild_bg_40b.png,400,200,40,40,0,0,0,0,,,
guildbg,216,guild_bg_40b.png,440,200,40,40,0,0,0,0,,,
guildbg,217,guild_bg_40b.png,0,240,40,40,0,0,0,0,,,
guildbg,218,guild_bg_40b.png,40,240,40,40,0,0,0,0,,,
guildbg,219,guild_bg_40b.png,80,240,40,40,0,0,0,0,,,
guildbg,220,guild_bg_40b.png,120,240,40,40,0,0,0,0,,,
guildbg,221,guild_bg_40b.png,160,240,40,40,0,0,0,0,,,
,,,,,,,,,,,,,
guildbg,1001,guild_icon_user_40.png,0,0,40,40,0,0,0,0,1,,
guildbg,1002,guild_icon_user_40.png,0,40,40,40,0,0,0,0,2,,
guildbg,1003,guild_icon_user_40.png,0,80,40,40,0,0,0,0,3,,
guildbg,1004,guild_icon_user_40.png,0,120,40,40,0,0,0,0,4,,
guildbg,1005,guild_icon_user_40.png,0,160,40,40,0,0,0,0,5,,
guildbg,1006,guild_icon_user_40.png,0,200,40,40,0,0,0,0,6,,
guildbg,1007,guild_icon_user_40.png,40,0,40,40,0,0,0,0,7,,